-- phpMyAdmin SQL Dump
-- version 5.1.1
-- https://www.phpmyadmin.net/
--
-- Gép: 127.0.0.1
-- Létrehozás ideje: 2022. Sze 09. 00:45
-- Kiszolgáló verziója: 10.4.21-MariaDB
-- PHP verzió: 8.0.10

SET SQL_MODE = "NO_AUTO_VALUE_ON_ZERO";
START TRANSACTION;
SET time_zone = "+00:00";


/*!40101 SET @OLD_CHARACTER_SET_CLIENT=@@CHARACTER_SET_CLIENT */;
/*!40101 SET @OLD_CHARACTER_SET_RESULTS=@@CHARACTER_SET_RESULTS */;
/*!40101 SET @OLD_COLLATION_CONNECTION=@@COLLATION_CONNECTION */;
/*!40101 SET NAMES utf8mb4 */;

--
-- Adatbázis: `karitativ`
--
CREATE DATABASE IF NOT EXISTS `karitativ` DEFAULT CHARACTER SET utf8mb4 COLLATE utf8mb4_general_ci;
USE `karitativ`;

-- --------------------------------------------------------

--
-- Tábla szerkezet ehhez a táblához `hirdetes`
--

CREATE TABLE `hirdetes` (
  `hirdetes_id` int(11) NOT NULL COMMENT 'A feladott hirdetés azonosítója.',
  `kategoria_id` int(11) NOT NULL COMMENT 'A kategória azonosítója. (Kapcsolat a kategória táblával. )',
  `hirdeto_id` int(11) NOT NULL COMMENT 'A hirdetést feladó felhasználó user_id-ja.',
  `feladas_idopont` timestamp NOT NULL DEFAULT current_timestamp() COMMENT 'A hirdetés feladásának időpontja.',
  `kezdo_idopont` datetime NOT NULL COMMENT 'Az elvégzendő munka kezdő időpontja.',
  `zaro_idopont` datetime NOT NULL COMMENT 'Az elvégzendő munka záró időpontja.',
  `leiras` text NOT NULL COMMENT 'A feladott hirdetés ismertető leírása.',
  `hirdetes_telszam` varchar(30) NOT NULL COMMENT 'A hirdetés feladásakor megadott telefonszám.',
  `hirdetes_cim` varchar(100) NOT NULL COMMENT 'A hirdetést feladó felhasználó által megadott cím, mely a hirdetés helyszínét adja meg.',
  `telepules_id` int(11) NOT NULL COMMENT 'Kapcsolat a telepules táblával, mely a településneveket tárolja.'
) ENGINE=InnoDB DEFAULT CHARSET=utf8mb4;

--
-- A tábla adatainak kiíratása `hirdetes`
--

INSERT INTO `hirdetes` (`hirdetes_id`, `kategoria_id`, `hirdeto_id`, `feladas_idopont`, `kezdo_idopont`, `zaro_idopont`, `leiras`, `hirdetes_telszam`, `hirdetes_cim`, `telepules_id`) VALUES
(1, 11, 8, '2022-09-08 21:04:08', '2022-09-10 14:00:00', '2022-09-10 16:00:00', 'Egyedül élő idős emberként néhány órás segítséget keresek kerti munkák, így például fűnyírás, levélgereblyézés elvégzésére.', '06708916734', '8000, István tér 9.', 2108),
(2, 11, 9, '2022-09-08 21:06:47', '2022-09-10 16:00:00', '2022-09-10 17:00:00', 'Gyengélkedő idős emberként sajnos nehezen látom el a házam kertje körüli teendőket, így 1 órára szeretnék segítséget kérni gyümölcsszedésben.', '0630 367 12 89', '8000, Rét út 234. 2/B.', 2108),
(3, 4, 4, '2022-09-08 21:33:32', '2022-09-11 08:00:00', '2022-09-11 08:30:00', 'Műtét utáni rehabilitációra Debrecenből Hajdúszoboszlóra kell utaznom, azonban nincsen saját autóm, így nagyon hálás lennék, ha 2022.09.11-én a reggeli órákban el tudna vinni engem.', '+3652 320 567', '4032, Virág út 7. 2/B.', 914),
(4, 2, 7, '2022-09-08 21:38:15', '2022-09-13 12:00:00', '2022-09-13 14:00:00', 'Egyedül élő nyugdíjas vagyok és sajnos 2 hete eltörtem a bal lábamat, így szükségem lenne egy nagybevásárlásra a helyi élelmiszerboltból. A bevásárlólistát már elkészítettem, kérem, ha tud segíteni, jelentkezzen hirdetésemre.', '+3617894523', '1021, Erdő út 9. 5/A.', 3159),
(5, 6, 15, '2022-09-08 21:40:34', '2022-09-08 10:00:00', '2022-09-08 12:00:00', 'Gyermekemet egyedül nevelő édesanyaként bizonyos helyzetekben nehéz megoldanom a gyermekfelügyeletet, így 2022.09.08-án 2 órás segítséget szeretnék kérni 12 éves kislányom felvigyázására.', '06301212899', '2091, Illés utca 123.', 42),
(6, 6, 15, '2022-09-08 21:42:55', '2022-09-25 10:00:00', '2022-09-25 12:00:00', 'Gyermekemet egyedül nevelő édesanyaként bizonyos helyzetekben nehéz megoldanom a gyermekfelügyeletet, így 2022.09.25-én 2 órás segítséget szeretnék kérni 12 éves kislányom felvigyázására.', '06301212899', '2091, Illés utca 123.', 42),
(7, 10, 16, '2022-09-08 21:45:10', '2022-09-09 09:00:00', '2022-09-09 10:00:00', 'Napok óta tartó ízületi fájdalmak miatt nehezemre esik a konyhában tevékenykedni, azonban a legutóbbi bevásárláskor több romlandó tételt is vettem, melyeket így nem tudok megfőzni. Ha volna kedve és lehetősége ezekből bármilyen ételt készíteni nekem, azt nagyon megköszönném.', '06701256789', '1148, Álmos utca 45. 6/50.', 3171),
(8, 9, 13, '2022-09-08 21:47:23', '2022-09-06 17:00:00', '2022-09-06 19:00:00', 'Harmadik osztályos kisfiam mellé keresek alkalmi segítséget angol nyelvből az igeidők átismétlésére, gyakoroltatására.', '06 30 7891 123', '2131, Patak tér 2. 4/12.', 61),
(9, 7, 12, '2022-09-08 21:48:56', '2022-09-14 15:00:00', '2022-09-14 20:00:00', 'Ezermestert keresek régi zongorám javítására. Sajnos alkatrészek már nem elérhetőek hozzá a szervizekben, így mindenképpen egyéni megoldásokra lenne szükség. Ha szeretsz tákolni és kísérletezgetni, kérlek keress meg.', '06 20 664 1249', '2000, Lapos utca 9.', 1),
(10, 1, 17, '2022-09-08 21:56:00', '2022-09-03 18:00:00', '2022-09-03 19:00:00', 'Barátságos golden retriever kutyám egyszeri sétáltatásához szeretnék segítséget kérni a megadott időpontban.', '06201212789', '9900, Gyömrői út 43.', 3103),
(11, 3, 18, '2022-09-08 21:57:54', '2022-09-20 13:00:00', '2022-09-20 15:00:00', 'Otthonomhoz tartozó nyári konyha kitakarításához lenne szükségem segítő kezekre egy alkalommal.', '06301234987', '5516, Üllői út 2. 3/7.', 1307),
(12, 12, 1, '2022-09-08 21:59:25', '2022-09-08 08:00:00', '2022-09-08 13:00:00', 'A házam pincéje beázott, így a rendbetétel idejére fel kell hozni onnan mindent, amit csak lehet. Bútorok és nehezebb tárgyak mozgatásához lenne szükségem fél napos segítségre.', '06206758998', '2091, Szőlő köz 13.', 42),
(13, 10, 1, '2022-09-08 22:01:49', '2022-09-06 10:00:00', '2022-09-06 12:00:00', 'Saját kertemből származó termés - szilva, barack, alma - befőzésében kérnék szépen segítséget. Természetesen az elkészült befőtteket felezzük!', '06206758998', '2091, Szőlő köz 13.', 42),
(14, 1, 1, '2022-09-08 22:04:00', '2022-09-12 11:00:00', '2022-09-12 12:00:00', 'Spániel fajtájú, Füles nevű kutyám sétáltatásához keresek segítséget. Nagyon barátságos és szófogadó, jól el van idegenekkel is, nem húzza a pórázt.', '06206758998', '2091, Szőlő köz 13.', 42),
(15, 4, 1, '2022-09-08 22:05:07', '2022-09-30 08:00:00', '2022-09-30 09:30:00', 'Spániel fajtájú, Füles nevű kutyámat állatorvoshoz kell vinnem éves oltásra. A tömegközlekedési eszközökön nagyon fél, a saját autóm pedig jelenleg szervizben van. Kérem, ha tud segíteni, jelentkezzen hirdetésemre.', '06206758998', '2091, Szőlő köz 13.', 42),
(16, 8, 14, '2022-09-08 22:34:32', '2022-09-05 13:00:00', '2022-09-05 14:00:00', 'Német nyelven szeretnék társalogni valakivel a nyelv gyakorlása érdekében. Ha van kedved egy kötetlen beszélgetéshez, kérem jelentkezz.', '06702367128', '2360, Móricz Zs. Utca 8. 5/C.', 138),
(17, 11, 17, '2022-09-08 22:41:06', '2022-09-30 10:00:00', '2022-09-30 12:00:00', 'Gazolásban és gyümölcsszedésben szeretnék segítséget kérni 2 órára.', '06201212789', '9900, Gyömrői út 43.', 3103);

-- --------------------------------------------------------

--
-- Tábla szerkezet ehhez a táblához `jelentkezes`
--

CREATE TABLE `jelentkezes` (
  `hirdetes_id` int(11) NOT NULL COMMENT 'A feladott hirdetés azonosítója.',
  `jelentkezo_id` int(11) NOT NULL COMMENT 'A hirdetésre jelentkezők user_id-ja.',
  `idopont` timestamp NOT NULL DEFAULT current_timestamp() COMMENT 'A hirdetésre való jelentkezés időpontja.',
  `jelentkezes_id` int(11) NOT NULL COMMENT 'Az adott hirdetésre jelentkezés sorszáma. (1 hirdetésre egyszerre 1 user jelentkezhet)',
  `jovahagyas_hirdeto` enum('true','false') NOT NULL DEFAULT 'false' COMMENT 'A hirdetésre jelentkezés elfogadása/elutasítása a hirdetést feladó részéről.',
  `jovahagyas_onkentes` enum('true','false') NOT NULL DEFAULT 'false' COMMENT 'Önkéntes adott hirdetésre való jelentkezésekor true értéket vesz fel.'
) ENGINE=InnoDB DEFAULT CHARSET=utf8mb4;

--
-- A tábla adatainak kiíratása `jelentkezes`
--

INSERT INTO `jelentkezes` (`hirdetes_id`, `jelentkezo_id`, `idopont`, `jelentkezes_id`, `jovahagyas_hirdeto`, `jovahagyas_onkentes`) VALUES
(1, 2, '2022-09-08 22:06:55', 1, 'false', 'true'),
(3, 10, '2022-09-08 22:08:30', 2, 'false', 'true'),
(4, 11, '2022-09-08 22:09:08', 3, 'false', 'true'),
(5, 1, '2022-09-08 22:20:33', 4, 'true', 'true'),
(6, 1, '2022-09-08 22:21:04', 5, 'false', 'true'),
(7, 11, '2022-09-08 22:21:40', 6, 'false', 'true'),
(8, 14, '2022-09-08 22:22:13', 7, 'false', 'true'),
(9, 3, '2022-09-08 22:22:44', 8, 'false', 'true'),
(14, 13, '2022-09-08 22:23:42', 9, 'false', 'true'),
(15, 14, '2022-09-08 22:24:27', 10, 'false', 'true'),
(16, 1, '2022-09-08 22:35:14', 11, 'true', 'true');

--
-- Eseményindítók `jelentkezes`
--
DELIMITER $$
CREATE TRIGGER `pontszamfrissites` AFTER UPDATE ON `jelentkezes` FOR EACH ROW IF old.jovahagyas_hirdeto != new.jovahagyas_hirdeto THEN
SET @pont = (SELECT pontszam FROM user WHERE user_id = old.jelentkezo_id) + 1;
UPDATE user SET pontszam = @pont
WHERE user_id = old.jelentkezo_id;
END IF
$$
DELIMITER ;

-- --------------------------------------------------------

--
-- Tábla szerkezet ehhez a táblához `kategoria`
--

CREATE TABLE `kategoria` (
  `kategoria_id` int(11) NOT NULL COMMENT 'A hirdetés kategóriájának azonosítója.',
  `kategoria_nev` varchar(100) NOT NULL COMMENT 'A hirdetés kategóriájának megnevezése.',
  `kategoria_kep` varchar(50) NOT NULL
) ENGINE=InnoDB DEFAULT CHARSET=utf8mb4;

--
-- A tábla adatainak kiíratása `kategoria`
--

INSERT INTO `kategoria` (`kategoria_id`, `kategoria_nev`, `kategoria_kep`) VALUES
(1, 'Kutyasétáltatás', 'kutyasetaltatas.jpg'),
(2, 'Vásárlás', 'vasarlas.jpg'),
(3, 'Takarítás', 'takaritas.jpg'),
(4, 'Személyszállítás', 'szemelyszallitas.jpg'),
(5, 'Idősgondozás', 'idosgondozas.jpg'),
(6, 'Gyermekfelügyelet', 'gyermekfelugyelet.jpg'),
(7, 'Szerelés', 'szereles.jpg'),
(8, 'Társalgás', 'tarsalgas.jpg'),
(9, 'Korrepetálás', 'korrepetalas.jpg'),
(10, 'Főzés', 'fozes.jpg'),
(11, 'Kertészkedés', 'kerteszkedes.jpg'),
(12, 'Egyéb', 'egyeb.jpg');

-- --------------------------------------------------------

--
-- Tábla szerkezet ehhez a táblához `telepules`
--

CREATE TABLE `telepules` (
  `telepules_id` int(11) NOT NULL,
  `telepules` varchar(20) DEFAULT NULL
) ENGINE=InnoDB DEFAULT CHARSET=utf8;

--
-- A tábla adatainak kiíratása `telepules`
--

INSERT INTO `telepules` (`telepules_id`, `telepules`) VALUES
(1, 'Szentendre'),
(2, 'Pilisszentlászló'),
(3, 'Budakalász'),
(4, 'Pomáz'),
(5, 'Csobánka'),
(6, 'Szigetmonostor'),
(7, 'Leányfalu'),
(8, 'Pócsmegyer'),
(9, 'Tahitótfalu'),
(10, 'Dunabogdány'),
(11, 'Kisoroszi'),
(12, 'Visegrád'),
(13, 'Dömös'),
(14, 'Pilismarót'),
(15, 'Érd'),
(16, 'Sóskút'),
(17, 'Pusztazámor'),
(18, 'Budaörs'),
(19, 'Törökbálint'),
(20, 'Diósd'),
(21, 'Biatorbágy'),
(22, 'Herceghalom'),
(23, 'Bicske'),
(24, 'Óbarok'),
(25, 'Csabdi'),
(26, 'Mány'),
(27, 'Szár'),
(28, 'Újbarok'),
(29, 'Szárliget'),
(30, 'Páty'),
(31, 'Zsámbék'),
(32, 'Tök'),
(33, 'Perbál'),
(34, 'Pilisjászfalu'),
(35, 'Piliscsaba'),
(36, 'Solymár'),
(37, 'Pilisszentiván'),
(38, 'Pilisvörösvár'),
(39, 'Tinnye'),
(40, 'Telki'),
(41, 'Remeteszőlős'),
(42, 'Etyek'),
(43, 'Budakeszi'),
(44, 'Budajenő'),
(45, 'Nagykovácsi'),
(46, 'Pilisszántó'),
(47, 'Üröm'),
(48, 'Pilisborosjenő'),
(49, 'Pilisszentkereszt'),
(50, 'Gödöllő'),
(51, 'Szada'),
(52, 'Veresegyház'),
(53, 'Erdőkertes'),
(54, 'Valkó'),
(55, 'Vácszentlászló'),
(56, 'Zsámbok'),
(57, 'Isaszeg'),
(58, 'Dány'),
(59, 'Pécel'),
(60, 'Dunakeszi'),
(61, 'Göd'),
(62, 'Sződliget'),
(63, 'Sződ'),
(64, 'Csörög'),
(65, 'Csömör'),
(66, 'Nagytarcsa'),
(67, 'Kistarcsa'),
(68, 'Kerepes'),
(69, 'Mogyoród'),
(70, 'Fót'),
(71, 'Csomád'),
(72, 'Őrbottyán'),
(73, 'Vácrátót'),
(74, 'Váchartyán'),
(75, 'Kisnémedi'),
(76, 'Püspökszilágy'),
(77, 'Vácduka'),
(78, 'Aszód'),
(79, 'Kartal'),
(80, 'Verseg'),
(81, 'Kálló'),
(82, 'Erdőkürt'),
(83, 'Erdőtarcsa'),
(84, 'Iklad'),
(85, 'Domony'),
(86, 'Galgamácsa'),
(87, 'Vácegres'),
(88, 'Váckisújfalu'),
(89, 'Bag'),
(90, 'Hévízgyörk'),
(91, 'Galgahévíz'),
(92, 'Tura'),
(93, 'Monor'),
(94, 'Péteri'),
(95, 'Vasad'),
(96, 'Csévharaszt'),
(97, 'Monorierdő'),
(98, 'Pánd'),
(99, 'Káva'),
(100, 'Bénye'),
(101, 'Gomba'),
(102, 'Vecsés'),
(103, 'Üllő'),
(104, 'Gyömrő'),
(105, 'Ecser'),
(106, 'Maglód'),
(107, 'Mende'),
(108, 'Sülysáp'),
(109, 'Kóka'),
(110, 'Úri'),
(111, 'Tápiószecső'),
(112, 'Tóalmás'),
(113, 'Tápióság'),
(114, 'Szentmártonkáta'),
(115, 'Szentlőrinckáta'),
(116, 'Ráckeve'),
(117, 'Lórév'),
(118, 'Szigetszentmiklós'),
(119, 'Halásztelek'),
(120, 'Szigethalom'),
(121, 'Tököl'),
(122, 'Szigetcsép'),
(123, 'Szigetszentmárton'),
(124, 'Szigetújfalu'),
(125, 'Szigetbecse'),
(126, 'Makád'),
(127, 'Dunaharaszti'),
(128, 'Taksony'),
(129, 'Dunavarsány'),
(130, 'Délegyháza'),
(131, 'Áporka'),
(132, 'Majosháza'),
(133, 'Kiskunlacháza'),
(134, 'Dömsöd'),
(135, 'Apaj'),
(136, 'Bugyi'),
(137, 'Alsónémedi'),
(138, 'Gyál'),
(139, 'Felsőpakony'),
(140, 'Ócsa'),
(141, 'Inárcs'),
(142, 'Kakucs'),
(143, 'Újhartyán'),
(144, 'Dabas'),
(145, 'Tatárszentgyörgy'),
(146, 'Hernád'),
(147, 'Örkény'),
(148, 'Pusztavacs'),
(149, 'Táborfalva'),
(150, 'Dunaújváros'),
(151, 'Nagyvenyim'),
(152, 'Mezőfalva'),
(153, 'Daruszentmiklós'),
(154, 'Előszállás'),
(155, 'Nagykarácsony'),
(156, 'Baracs'),
(157, 'Kisapostag'),
(158, 'Perkáta'),
(159, 'Szabadegyháza'),
(160, 'Sárosd'),
(161, 'Hantos'),
(162, 'Nagylók'),
(163, 'Százhalombatta'),
(164, 'Ercsi'),
(165, 'Iváncsa'),
(166, 'Beloiannisz'),
(167, 'Besnyő'),
(168, 'Adony'),
(169, 'Kulcs'),
(170, 'Rácalmás'),
(171, 'Tárnok'),
(172, 'Martonvásár'),
(173, 'Tordas'),
(174, 'Gyúró'),
(175, 'Ráckeresztúr'),
(176, 'Baracska'),
(177, 'Kajászó'),
(178, 'Vál'),
(179, 'Kápolnásnyék'),
(180, 'Pázmánd'),
(181, 'Vereb'),
(182, 'Velence'),
(183, 'Gárdony'),
(184, 'Pusztaszabolcs'),
(185, 'Esztergom'),
(186, 'Dorog'),
(187, 'Kesztölc'),
(188, 'Leányvár'),
(189, 'Piliscsév'),
(190, 'Csolnok'),
(191, 'Dág'),
(192, 'Sárisáp'),
(193, 'Nagysáp'),
(194, 'Bajna'),
(195, 'Epöl'),
(196, 'Máriahalom'),
(197, 'Úny'),
(198, 'Annavölgy'),
(199, 'Tokod'),
(200, 'Tokodaltáró'),
(201, 'Bajót'),
(202, 'Tát'),
(203, 'Mogyorósbánya'),
(204, 'Nyergesújfalu'),
(205, 'Lábatlan'),
(206, 'Süttő'),
(207, 'Neszmély'),
(208, 'Dunaalmás'),
(209, 'Vác'),
(210, 'Nőtincs'),
(211, 'Ősagárd'),
(212, 'Felsőpetény'),
(213, 'Kosd'),
(214, 'Rád'),
(215, 'Penc'),
(216, 'Csővár'),
(217, 'Keszeg'),
(218, 'Alsópetény'),
(219, 'Nézsa'),
(220, 'Legénd'),
(221, 'Verőce'),
(222, 'Kismaros'),
(223, 'Szokolya'),
(224, 'Kóspallag'),
(225, 'Nagymaros'),
(226, 'Zebegény'),
(227, 'Szob'),
(228, 'Márianosztra'),
(229, 'Ipolydamásd'),
(230, 'Letkés'),
(231, 'Ipolytölgyes'),
(232, 'Nagybörzsöny'),
(233, 'Vámosmikola'),
(234, 'Tésa'),
(235, 'Perőcsény'),
(236, 'Kemence'),
(237, 'Bernecebaráti'),
(238, 'Szendehely'),
(239, 'Berkenye'),
(240, 'Nógrád'),
(241, 'Diósjenő'),
(242, 'Borsosberény'),
(243, 'Nagyoroszi'),
(244, 'Drégelypalánk'),
(245, 'Hont'),
(246, 'Patak'),
(247, 'Dejtár'),
(248, 'Rétság'),
(249, 'Tereske'),
(250, 'Bánk'),
(251, 'Romhány'),
(252, 'Kétbodony'),
(253, 'Kisecset'),
(254, 'Szente'),
(255, 'Szátok'),
(256, 'Tolmács'),
(257, 'Horpács'),
(258, 'Pusztaberki'),
(259, 'Érsekvadkert'),
(260, 'Balassagyarmat'),
(261, 'Ipolyszög'),
(262, 'Patvarc'),
(263, 'Ipolyvece'),
(264, 'Őrhalom'),
(265, 'Hugyag'),
(266, 'Csitár'),
(267, 'Iliny'),
(268, 'Nógrádmarcal'),
(269, 'Cserhátsurány'),
(270, 'Herencsény'),
(271, 'Csesztve'),
(272, 'Galgagyörk'),
(273, 'Püspökhatvan'),
(274, 'Acsa'),
(275, 'Nógrádsáp'),
(276, 'Galgaguta'),
(277, 'Bercel'),
(278, 'Vanyarc'),
(279, 'Nógrádkövesd'),
(280, 'Szécsénke'),
(281, 'Becske'),
(282, 'Magyarnándor'),
(283, 'Cserháthaláp'),
(284, 'Debercsény'),
(285, 'Terény'),
(286, 'Szanda'),
(287, 'Mohora'),
(288, 'Szügy'),
(289, 'Cegléd'),
(290, 'Tápiószentmárton'),
(291, 'Nyársapát'),
(292, 'Csemő'),
(293, 'Pilis'),
(294, 'Nyáregyháza'),
(295, 'Újlengyel'),
(296, 'Albertirsa'),
(297, 'Dánszentmiklós'),
(298, 'Mikebuda'),
(299, 'Ceglédbercel'),
(300, 'Abony'),
(301, 'Kőröstetétlen'),
(302, 'Jászkarajenő'),
(303, 'Törtel'),
(304, 'Nagykőrös'),
(305, 'Kocsér'),
(306, 'Nagykáta'),
(307, 'Tápióbicske'),
(308, 'Farmos'),
(309, 'Tápiószele'),
(310, 'Tápiógyörgye'),
(311, 'Újszilvás'),
(312, 'Tápiószőlős'),
(313, 'Tatabánya'),
(314, 'Gyermely'),
(315, 'Szomor'),
(316, 'Vértessomló'),
(317, 'Várgesztes'),
(318, 'Tarján'),
(319, 'Héreg'),
(320, 'Vértestolna'),
(321, 'Tardos'),
(322, 'Tata'),
(323, 'Baj'),
(324, 'Vértesszőlős'),
(325, 'Oroszlány'),
(326, 'Környe'),
(327, 'Kecskéd'),
(328, 'Kömlőd'),
(329, 'Dad'),
(330, 'Bokod'),
(331, 'Szákszend'),
(332, 'Császár'),
(333, 'Vérteskethely'),
(334, 'Bakonysárkány'),
(335, 'Aka'),
(336, 'Kisbér'),
(337, 'Ászár'),
(338, 'Kerékteleki'),
(339, 'Bársonyos'),
(340, 'Bakonyszombathely'),
(341, 'Bakonybánk'),
(342, 'Réde'),
(343, 'Ácsteszér'),
(344, 'Csatka'),
(345, 'Súr'),
(346, 'Szomód'),
(347, 'Dunaszentmiklós'),
(348, 'Kocs'),
(349, 'Naszály'),
(350, 'Komárom'),
(351, 'Mocsa'),
(352, 'Almásfüzitő'),
(353, 'Ács'),
(354, 'Nagyigmánd'),
(355, 'Bábolna'),
(356, 'Tárkány'),
(357, 'Bana'),
(358, 'Csép'),
(359, 'Ete'),
(360, 'Kisigmánd'),
(361, 'Csém'),
(362, 'Hatvan'),
(363, 'Kerekharaszt'),
(364, 'Heréd'),
(365, 'Nagykökényes'),
(366, 'Ecséd'),
(367, 'Hort'),
(368, 'Csány'),
(369, 'Boldog'),
(370, 'Lőrinci'),
(371, 'Petőfibánya'),
(372, 'Zagyvaszántó'),
(373, 'Apc'),
(374, 'Rózsaszentmárton'),
(375, 'Szűcsi'),
(376, 'Gyöngyöspata'),
(377, 'Gyöngyöstarján'),
(378, 'Héhalom'),
(379, 'Palotás'),
(380, 'Egyházasdengeleg'),
(381, 'Szirák'),
(382, 'Bér'),
(383, 'Kisbágyon'),
(384, 'Buják'),
(385, 'Szarvasgede'),
(386, 'Csécse'),
(387, 'Ecseg'),
(388, 'Kozárd'),
(389, 'Pásztó'),
(390, 'Jobbágyi'),
(391, 'Szurdokpüspöki'),
(392, 'Cserhátszentiván'),
(393, 'Bokor'),
(394, 'Kutasó'),
(395, 'Felsőtold'),
(396, 'Garáb'),
(397, 'Mátraszőlős'),
(398, 'Alsótold'),
(399, 'Bátonyterenye'),
(400, 'Tar'),
(401, 'Sámsonháza'),
(402, 'Nagybárkány'),
(403, 'Kisbárkány'),
(404, 'Márkháza'),
(405, 'Mátraverebély'),
(406, 'Salgótarján'),
(407, 'Somoskőújfalu'),
(408, 'Cered'),
(409, 'Zabar'),
(410, 'Szilaspogony'),
(411, 'Bárna'),
(412, 'Kazár'),
(413, 'Vizslás'),
(414, 'Lucfalva'),
(415, 'Nagykeresztúr'),
(416, 'Sóshartyán'),
(417, 'Nógrádmegyer'),
(418, 'Magyargéc'),
(419, 'Piliny'),
(420, 'Szécsényfelfalu'),
(421, 'Etes'),
(422, 'Karancsberény'),
(423, 'Ipolytarnóc'),
(424, 'Mátraszele'),
(425, 'Mátranovák'),
(426, 'Mátraterenye'),
(427, 'Rákóczibánya'),
(428, 'Nemti'),
(429, 'Dorogháza'),
(430, 'Szuha'),
(431, 'Mátramindszent'),
(432, 'Kishartyán'),
(433, 'Ságújfalu'),
(434, 'Karancsság'),
(435, 'Szalmatercs'),
(436, 'Endrefalva'),
(437, 'Szécsény'),
(438, 'Nagylóc'),
(439, 'Hollókő'),
(440, 'Rimóc'),
(441, 'Varsány'),
(442, 'Nógrádsipek'),
(443, 'Karancsalja'),
(444, 'Karancslapujtő'),
(445, 'Karancskeszi'),
(446, 'Mihálygerge'),
(447, 'Egyházasgerge'),
(448, 'Litke'),
(449, 'Nógrádszakál'),
(450, 'Ludányhalászi'),
(451, 'Gyöngyös'),
(452, 'Gyöngyösoroszi'),
(453, 'Gyöngyöshalász'),
(454, 'Atkár'),
(455, 'Nagyréde'),
(456, 'Gyöngyössolymos'),
(457, 'Mátraszentimre'),
(458, 'Parád'),
(459, 'Parádsasvár'),
(460, 'Bodony'),
(461, 'Recsk'),
(462, 'Mátraderecske'),
(463, 'Mátraballa'),
(464, 'Ivád'),
(465, 'Pétervására'),
(466, 'Erdőkövesd'),
(467, 'Istenmezeje'),
(468, 'Váraszó'),
(469, 'Fedémes'),
(470, 'Kisfüzes'),
(471, 'Bükkszenterzsébet'),
(472, 'Tarnalelesz'),
(473, 'Szentdomonkos'),
(474, 'Abasár'),
(475, 'Pálosvörösmart'),
(476, 'Markaz'),
(477, 'Domoszló'),
(478, 'Kisnána'),
(479, 'Vécs'),
(480, 'Visonta'),
(481, 'Halmajugra'),
(482, 'Ludas'),
(483, 'Detk'),
(484, 'Karácsond'),
(485, 'Nagyfüged'),
(486, 'Tarnazsadány'),
(487, 'Tarnaméra'),
(488, 'Vámosgyörk'),
(489, 'Adács'),
(490, 'Visznek'),
(491, 'Tarnaörs'),
(492, 'Erk'),
(493, 'Zaránk'),
(494, 'Eger'),
(495, 'Egerbakta'),
(496, 'Hevesaranyos'),
(497, 'Szarvaskő'),
(498, 'Felsőtárkány'),
(499, 'Noszvaj'),
(500, 'Ostoros'),
(501, 'Novaj'),
(502, 'Egerszólát'),
(503, 'Tarnaszentmária'),
(504, 'Sirok'),
(505, 'Terpes'),
(506, 'Szajla'),
(507, 'Bükkszék'),
(508, 'Bátor'),
(509, 'Egerbocs'),
(510, 'Egercsehi'),
(511, 'Szúcs'),
(512, 'Bekölce'),
(513, 'Mikófalva'),
(514, 'Mónosbél'),
(515, 'Bélapátfalva'),
(516, 'Bükkszentmárton'),
(517, 'Balaton'),
(518, 'Szilvásvárad'),
(519, 'Nagyvisnyó'),
(520, 'Kál'),
(521, 'Verpelét'),
(522, 'Feldebrő'),
(523, 'Aldebrő'),
(524, 'Tófalu'),
(525, 'Kápolna'),
(526, 'Kompolt'),
(527, 'Nagyút'),
(528, 'Erdőtelek'),
(529, 'Tenk'),
(530, 'Heves'),
(531, 'Boconád'),
(532, 'Tarnabod'),
(533, 'Átány'),
(534, 'Kömlő'),
(535, 'Besenyőtelek'),
(536, 'Dormánd'),
(537, 'Mezőtárkány'),
(538, 'Szihalom'),
(539, 'Mezőszemere'),
(540, 'Egerfarmos'),
(541, 'Pély'),
(542, 'Tarnaszentmiklós'),
(543, 'Hevesvezekény'),
(544, 'Kisköre'),
(545, 'Tiszanána'),
(546, 'Sarud'),
(547, 'Újlőrincfalva'),
(548, 'Poroszló'),
(549, 'Füzesabony'),
(550, 'Egerszalók'),
(551, 'Demjén'),
(552, 'Kerecsend'),
(553, 'Maklár'),
(554, 'Nagytálya'),
(555, 'Andornaktálya'),
(556, 'Mezőkövesd'),
(557, 'Szomolya'),
(558, 'Bogács'),
(559, 'Cserépfalu'),
(560, 'Bükkzsérc'),
(561, 'Tard'),
(562, 'Cserépváralja'),
(563, 'Szentistván'),
(564, 'Mezőnyárád'),
(565, 'Bükkábrány'),
(566, 'Tibolddaróc'),
(567, 'Kács'),
(568, 'Sály'),
(569, 'Borsodgeszt'),
(570, 'Vatta'),
(571, 'Emőd'),
(572, 'Nyékládháza'),
(573, 'Mályi'),
(574, 'Mezőkeresztes'),
(575, 'Csincse'),
(576, 'Mezőnagymihály'),
(577, 'Gelej'),
(578, 'Mezőcsát'),
(579, 'Tiszakeszi'),
(580, 'Igrici'),
(581, 'Egerlövő'),
(582, 'Borsodivánka'),
(583, 'Négyes'),
(584, 'Tiszavalk'),
(585, 'Tiszabábolna'),
(586, 'Tiszadorogma'),
(587, 'Ároktő'),
(588, 'Miskolc'),
(589, 'Ónod'),
(590, 'Muhi'),
(591, 'Kistokaj'),
(592, 'Bükkaranyos'),
(593, 'Harsány'),
(594, 'Kisgyőr'),
(595, 'Bükkszentkereszt'),
(596, 'Répáshuta'),
(597, 'Felsőzsolca'),
(598, 'Onga'),
(599, 'Hernádkak'),
(600, 'Hernádnémeti'),
(601, 'Tiszalúc'),
(602, 'Alsózsolca'),
(603, 'Sajólád'),
(604, 'Sajópetri'),
(605, 'Bőcs'),
(606, 'Berzék'),
(607, 'Sajóhídvég'),
(608, 'Köröm'),
(609, 'Girincs'),
(610, 'Kiscsécs'),
(611, 'Kesznyéten'),
(612, 'Tiszaújváros'),
(613, 'Sajóörös'),
(614, 'Tiszapalkonya'),
(615, 'Hejőkürt'),
(616, 'Tiszatarján'),
(617, 'Oszlár'),
(618, 'Nemesbikk'),
(619, 'Hejőbába'),
(620, 'Hejőpapi'),
(621, 'Hejőszalonta'),
(622, 'Szakáld'),
(623, 'Hejőkeresztúr'),
(624, 'Nagycsécs'),
(625, 'Sajószöged'),
(626, 'Ózd'),
(627, 'Farkaslyuk'),
(628, 'Uppony'),
(629, 'Borsodszentgyörgy'),
(630, 'Hangony'),
(631, 'Domaháza'),
(632, 'Kissikátor'),
(633, 'Putnok'),
(634, 'Dubicsány'),
(635, 'Vadna'),
(636, 'Sajógalgóc'),
(637, 'Nagybarca'),
(638, 'Bánhorváti'),
(639, 'Dédestapolcsány'),
(640, 'Tardona'),
(641, 'Mályinka'),
(642, 'Nekézseny'),
(643, 'Csokvaomány'),
(644, 'Csernely'),
(645, 'Bükkmogyorósd'),
(646, 'Lénárddaróc'),
(647, 'Sajónémeti'),
(648, 'Sajópüspöki'),
(649, 'Bánréve'),
(650, 'Hét'),
(651, 'Sajóvelezd'),
(652, 'Sajómercse'),
(653, 'Királd'),
(654, 'Borsodbóta'),
(655, 'Sáta'),
(656, 'Arló'),
(657, 'Járdánháza'),
(658, 'Borsodnádasd'),
(659, 'Kazincbarcika'),
(660, 'Berente'),
(661, 'Szirmabesenyő'),
(662, 'Sajóvámos'),
(663, 'Sajósenye'),
(664, 'Arnót'),
(665, 'Sajópálfala'),
(666, 'Gesztely'),
(667, 'Újcsanálos'),
(668, 'Sóstófalva'),
(669, 'Alsódobsza'),
(670, 'Megyaszó'),
(671, 'Sajókaza'),
(672, 'Sajóivánka'),
(673, 'Felsőnyárád'),
(674, 'Dövény'),
(675, 'Jákfalva'),
(676, 'Felsőkelecsény'),
(677, 'Zubogy'),
(678, 'Ragály'),
(679, 'Trizs'),
(680, 'Imola'),
(681, 'Zádorfalva'),
(682, 'Alsószuha'),
(683, 'Szuhafő'),
(684, 'Kelemér'),
(685, 'Gömörszőlős'),
(686, 'Serényfalva'),
(687, 'Szuhakálló'),
(688, 'Kurityán'),
(689, 'Rudabánya'),
(690, 'Szuhogy'),
(691, 'Felsőtelekes'),
(692, 'Alsótelekes'),
(693, 'Kánó'),
(694, 'Izsófalva'),
(695, 'Rudolftelep'),
(696, 'Ormosbánya'),
(697, 'Múcsony'),
(698, 'Szendrőlád'),
(699, 'Szendrő'),
(700, 'Galvács'),
(701, 'Abod'),
(702, 'Szalonna'),
(703, 'Meszes'),
(704, 'Martonyi'),
(705, 'Perkupa'),
(706, 'Varbóc'),
(707, 'Szőlősardó'),
(708, 'Égerszög'),
(709, 'Teresztenye'),
(710, 'Jósvafő'),
(711, 'Aggtelek'),
(712, 'Szin'),
(713, 'Szinpetri'),
(714, 'Tornakápolna'),
(715, 'Szögliget'),
(716, 'Bódvaszilas'),
(717, 'Bódvarákó'),
(718, 'Komjáti'),
(719, 'Tornabarakony'),
(720, 'Tornaszentandrás'),
(721, 'Tornanádaska'),
(722, 'Hidvégardó'),
(723, 'Becskeháza'),
(724, 'Bódvalenke'),
(725, 'Tornaszentjakab'),
(726, 'Sajószentpéter'),
(727, 'Sajókápolna'),
(728, 'Sajólászlófalva'),
(729, 'Kondó'),
(730, 'Radostyán'),
(731, 'Parasznya'),
(732, 'Varbó'),
(733, 'Alacska'),
(734, 'Edelény'),
(735, 'Balajt'),
(736, 'Damak'),
(737, 'Ládbesenyő'),
(738, 'Lak'),
(739, 'Hegymeg'),
(740, 'Irota'),
(741, 'Szakácsi'),
(742, 'Tomor'),
(743, 'Sajókeresztúr'),
(744, 'Sajóbábony'),
(745, 'Sajóecseg'),
(746, 'Boldva'),
(747, 'Ziliz'),
(748, 'Hangács'),
(749, 'Nyomár'),
(750, 'Borsodszirák'),
(751, 'Szikszó'),
(752, 'Selyeb'),
(753, 'Abaújszolnok'),
(754, 'Nyésta'),
(755, 'Alsóvadász'),
(756, 'Homrogd'),
(757, 'Monaj'),
(758, 'Kupa'),
(759, 'Felsővadász'),
(760, 'Gadna'),
(761, 'Abaújlak'),
(762, 'Gagyvendégi'),
(763, 'Gagybátor'),
(764, 'Krasznokvajda'),
(765, 'Büttös'),
(766, 'Kány'),
(767, 'Keresztéte'),
(768, 'Pamlény'),
(769, 'Perecse'),
(770, 'Szászfa'),
(771, 'Rakaca'),
(772, 'Debréte'),
(773, 'Viszló'),
(774, 'Rakacaszend'),
(775, 'Kázsmárk'),
(776, 'Léh'),
(777, 'Rásonysápberencs'),
(778, 'Detek'),
(779, 'Beret'),
(780, 'Baktakék'),
(781, 'Felsőgagy'),
(782, 'Alsógagy'),
(783, 'Csenyéte'),
(784, 'Gagyapáti'),
(785, 'Aszaló'),
(786, 'Halmaj'),
(787, 'Kiskinizs'),
(788, 'Nagykinizs'),
(789, 'Szentistvánbaksa'),
(790, 'Hernádkércs'),
(791, 'Felsődobsza'),
(792, 'Csobád'),
(793, 'Forró'),
(794, 'Ináncs'),
(795, 'Hernádszentandrás'),
(796, 'Pere'),
(797, 'Hernádbűd'),
(798, 'Gibárt'),
(799, 'Fancsal'),
(800, 'Encs'),
(801, 'Szalaszend'),
(802, 'Fulókércs'),
(803, 'Fáj'),
(804, 'Szemere'),
(805, 'Litka'),
(806, 'Méra'),
(807, 'Novajidrány'),
(808, 'Garadna'),
(809, 'Hernádvécse'),
(810, 'Hernádpetri'),
(811, 'Pusztaradvány'),
(812, 'Hernádszurdok'),
(813, 'Hidasnémeti'),
(814, 'Tornyosnémeti'),
(815, 'Abaújszántó'),
(816, 'Baskó'),
(817, 'Sima'),
(818, 'Abaújkér'),
(819, 'Abaújalpár'),
(820, 'Boldogkőújfalu'),
(821, 'Boldogkőváralja'),
(822, 'Arka'),
(823, 'Korlát'),
(824, 'Hernádcéce'),
(825, 'Vizsoly'),
(826, 'Vilmány'),
(827, 'Hejce'),
(828, 'Fony'),
(829, 'Mogyoróska'),
(830, 'Regéc'),
(831, 'Göncruszka'),
(832, 'Gönc'),
(833, 'Telkibánya'),
(834, 'Zsujta'),
(835, 'Abaújvár'),
(836, 'Pányok'),
(837, 'Kéked'),
(838, 'Szerencs'),
(839, 'Bekecs'),
(840, 'Legyesbénye'),
(841, 'Monok'),
(842, 'Golop'),
(843, 'Tállya'),
(844, 'Rátka'),
(845, 'Mád'),
(846, 'Tokaj'),
(847, 'Tarcal'),
(848, 'Bodrogkeresztúr'),
(849, 'Bodrogkisfalud'),
(850, 'Szegi'),
(851, 'Szegilong'),
(852, 'Taktaszada'),
(853, 'Taktaharkány'),
(854, 'Taktakenéz'),
(855, 'Prügy'),
(856, 'Taktabáj'),
(857, 'Csobaj'),
(858, 'Tiszatardos'),
(859, 'Tiszaladány'),
(860, 'Mezőzombor'),
(861, 'Erdőbénye'),
(862, 'Olaszliszka'),
(863, 'Tolcsva'),
(864, 'Erdőhorváti'),
(865, 'Háromhuta'),
(866, 'Komlóska'),
(867, 'Vámosújfalu'),
(868, 'Sárazsadány'),
(869, 'Bodrogolaszi'),
(870, 'Sátoraljaújhely'),
(871, 'Sárospatak'),
(872, 'Györgytarló'),
(873, 'Kenézlő'),
(874, 'Viss'),
(875, 'Zalkod'),
(876, 'Hercegkút'),
(877, 'Makkoshotyka'),
(878, 'Vajdácska'),
(879, 'Karos'),
(880, 'Karcsa'),
(881, 'Pácin'),
(882, 'Nagyrozvágy'),
(883, 'Kisrozvágy'),
(884, 'Lácacséke'),
(885, 'Tiszakarád'),
(886, 'Tiszacsermely'),
(887, 'Cigánd'),
(888, 'Ricse'),
(889, 'Semjén'),
(890, 'Révleányvár'),
(891, 'Zemplénagárd'),
(892, 'Dámóc'),
(893, 'Alsóberecki'),
(894, 'Felsőberecki'),
(895, 'Bodroghalom'),
(896, 'Mikóháza'),
(897, 'Alsóregmec'),
(898, 'Felsőregmec'),
(899, 'Vilyvitány'),
(900, 'Kovácsvágás'),
(901, 'Vágáshuta'),
(902, 'Füzérradvány'),
(903, 'Pálháza'),
(904, 'Bózsva'),
(905, 'Filkeháza'),
(906, 'Füzérkajata'),
(907, 'Kishuta'),
(908, 'Nagyhuta'),
(909, 'Pusztafalu'),
(910, 'Füzér'),
(911, 'Füzérkomlós'),
(912, 'Nyíri'),
(913, 'Hollóháza'),
(914, 'Debrecen'),
(915, 'Balmazújváros'),
(916, 'Nagyhegyes'),
(917, 'Újszentmargita'),
(918, 'Tiszacsege'),
(919, 'Egyek'),
(920, 'Hortobágy'),
(921, 'Hajdúböszörmény'),
(922, 'Görbeháza'),
(923, 'Hajdúnánás'),
(924, 'Hajdúdorog'),
(925, 'Polgár'),
(926, 'Folyás'),
(927, 'Újtikos'),
(928, 'Tiszagyulaháza'),
(929, 'Berettyóújfalu'),
(930, 'Biharkeresztes'),
(931, 'Bojt'),
(932, 'Ártánd'),
(933, 'Berekböszörmény'),
(934, 'Told'),
(935, 'Mezőpeterd'),
(936, 'Váncsod'),
(937, 'Szentpéterszeg'),
(938, 'Gáborján'),
(939, 'Hencida'),
(940, 'Esztár'),
(941, 'Pocsaj'),
(942, 'Kismarja'),
(943, 'Nagykereki'),
(944, 'Bedő'),
(945, 'Derecske'),
(946, 'Tépe'),
(947, 'Konyár'),
(948, 'Mezősas'),
(949, 'Körösszegapáti'),
(950, 'Körösszakál'),
(951, 'Magyarhomorog'),
(952, 'Komádi'),
(953, 'Furta'),
(954, 'Zsáka'),
(955, 'Vekerd'),
(956, 'Darvas'),
(957, 'Csökmő'),
(958, 'Újiráz'),
(959, 'Püspökladány'),
(960, 'Báránd'),
(961, 'Szerep'),
(962, 'Bakonszeg'),
(963, 'Sárrétudvari'),
(964, 'Biharnagybajom'),
(965, 'Nagyrábé'),
(966, 'Bihartorda'),
(967, 'Bihardancsháza'),
(968, 'Sáp'),
(969, 'Földes'),
(970, 'Nádudvar'),
(971, 'Kaba'),
(972, 'Tetétlen'),
(973, 'Hajdúszoboszló'),
(974, 'Ebes'),
(975, 'Hajdúszovát'),
(976, 'Bököny'),
(977, 'Geszteréd'),
(978, 'Balkány'),
(979, 'Szakoly'),
(980, 'Biri'),
(981, 'Bocskaikert'),
(982, 'Hajdúhadház'),
(983, 'Téglás'),
(984, 'Újfehértó'),
(985, 'Érpatak'),
(986, 'Nyíregyháza'),
(987, 'Hajdúsámson'),
(988, 'Nyíradony'),
(989, 'Nyíracsád'),
(990, 'Nyírmártonfalva'),
(991, 'Nyírábrány'),
(992, 'Fülöp'),
(993, 'Penészlek'),
(994, 'Mikepércs'),
(995, 'Sáránd'),
(996, 'Hajdúbagos'),
(997, 'Hosszúpályi'),
(998, 'Monostorpályi'),
(999, 'Létavértes'),
(1000, 'Kokad'),
(1001, 'Álmosd'),
(1002, 'Bagamér'),
(1003, 'Vámospércs'),
(1004, 'Újléta'),
(1005, 'Nyírbátor'),
(1006, 'Nyírgyulaj'),
(1007, 'Nagykálló'),
(1008, 'Kállósemjén'),
(1009, 'Kisléta'),
(1010, 'Máriapócs'),
(1011, 'Pócspetri'),
(1012, 'Nyírcsászári'),
(1013, 'Nyírderzs'),
(1014, 'Nyírkáta'),
(1015, 'Hodász'),
(1016, 'Kántorjánosi'),
(1017, 'Őr'),
(1018, 'Jármi'),
(1019, 'Papos'),
(1020, 'Nyírvasvári'),
(1021, 'Terem'),
(1022, 'Bátorliget'),
(1023, 'Vállaj'),
(1024, 'Mérk'),
(1025, 'Tiborszállás'),
(1026, 'Fábiánháza'),
(1027, 'Nagyecsed'),
(1028, 'Nyírcsaholy'),
(1029, 'Nyírbogát'),
(1030, 'Nyírgelse'),
(1031, 'Nyírmihálydi'),
(1032, 'Nyírlugos'),
(1033, 'Nyírbéltek'),
(1034, 'Ömböly'),
(1035, 'Encsencs'),
(1036, 'Piricse'),
(1037, 'Nyírpilis'),
(1038, 'Kálmánháza'),
(1039, 'Tiszavasvári'),
(1040, 'Szorgalmatos'),
(1041, 'Nagycserkesz'),
(1042, 'Tiszaeszlár'),
(1043, 'Tiszalök'),
(1044, 'Tiszadada'),
(1045, 'Tiszadob'),
(1046, 'Nyírtelek'),
(1047, 'Tiszanagyfalu'),
(1048, 'Tiszaeszlár'),
(1049, 'Rakamaz'),
(1050, 'Timár'),
(1051, 'Szabolcs'),
(1052, 'Balsa'),
(1053, 'Gávavencsellő'),
(1054, 'Tiszabercel'),
(1055, 'Paszab'),
(1056, 'Kótaj'),
(1057, 'Buj'),
(1058, 'Ibrány'),
(1059, 'Nagyhalász'),
(1060, 'Tiszatelek'),
(1061, 'Beszterec'),
(1062, 'Újdombrád'),
(1063, 'Dombrád'),
(1064, 'Tiszakanyár'),
(1065, 'Kékcse'),
(1066, 'Döge'),
(1067, 'Szabolcsveresmart'),
(1068, 'Kemecse'),
(1069, 'Vasmegyer'),
(1070, 'Tiszarád'),
(1071, 'Nyírbogdány'),
(1072, 'Kék'),
(1073, 'Demecser'),
(1074, 'Gégény'),
(1075, 'Berkesz'),
(1076, 'Nyírtass'),
(1077, 'Pátroha'),
(1078, 'Ajak'),
(1079, 'Rétközberencs'),
(1080, 'Nyírpazony'),
(1081, 'Nyírtura'),
(1082, 'Sényő'),
(1083, 'Székely'),
(1084, 'Nyíribrony'),
(1085, 'Ramocsaháza'),
(1086, 'Nyírkércs'),
(1087, 'Nyírjákó'),
(1088, 'Petneháza'),
(1089, 'Laskod'),
(1090, 'Nyírkarász'),
(1091, 'Gyulaháza'),
(1092, 'Anarcs'),
(1093, 'Szabolcsbáka'),
(1094, 'Napkor'),
(1095, 'Apagy'),
(1096, 'Nyírtét'),
(1097, 'Levelek'),
(1098, 'Magy'),
(1099, 'Besenyőd'),
(1100, 'Ófehértó'),
(1101, 'Baktalórántháza'),
(1102, 'Vaja'),
(1103, 'Rohod'),
(1104, 'Nyírmada'),
(1105, 'Pusztadobos'),
(1106, 'Ilk'),
(1107, 'Gemzse'),
(1108, 'Kisvárda'),
(1109, 'Jéke'),
(1110, 'Fényeslitke'),
(1111, 'Komoró'),
(1112, 'Tuzsér'),
(1113, 'Tiszabezdéd'),
(1114, 'Záhony'),
(1115, 'Győröcske'),
(1116, 'Zsurk'),
(1117, 'Tiszaszentmárton'),
(1118, 'Pap'),
(1119, 'Nyírlövő'),
(1120, 'Lövőpetri'),
(1121, 'Aranyosapáti'),
(1122, 'Újkenéz'),
(1123, 'Mezőladány'),
(1124, 'Tornyospálca'),
(1125, 'Benk'),
(1126, 'Mándok'),
(1127, 'Tiszamogyorós'),
(1128, 'Eperjeske'),
(1129, 'Mátészalka'),
(1130, 'Szamoskér'),
(1131, 'Nyírmeggyes'),
(1132, 'Tunyogmatolcs'),
(1133, 'Cégénydányád'),
(1134, 'Gyügye'),
(1135, 'Szamosújlak'),
(1136, 'Szamossályi'),
(1137, 'Hermánszeg'),
(1138, 'Kisnamény'),
(1139, 'Darnó'),
(1140, 'Jánkmajtis'),
(1141, 'Csegöld'),
(1142, 'Csengersima'),
(1143, 'Szamosbecs'),
(1144, 'Szamostatárfalva'),
(1145, 'Kocsord'),
(1146, 'Győrtelek'),
(1147, 'Géberjén'),
(1148, 'Fülpösdaróc'),
(1149, 'Ököritófülpös'),
(1150, 'Rápolt'),
(1151, 'Porcsalma'),
(1152, 'Tyukod'),
(1153, 'Ura'),
(1154, 'Csengerújfalu'),
(1155, 'Csenger'),
(1156, 'Komlódtótfalu'),
(1157, 'Pátyod'),
(1158, 'Szamosangyalos'),
(1159, 'Vásárosnamény'),
(1160, 'Kisvarsány'),
(1161, 'Nagyvarsány'),
(1162, 'Gyüre'),
(1163, 'Ópályi'),
(1164, 'Nyírparasznya'),
(1165, 'Nagydobos'),
(1166, 'Szamosszeg'),
(1167, 'Olcsva'),
(1168, 'Tiszaszalka'),
(1169, 'Tiszavid'),
(1170, 'Tiszaadony'),
(1171, 'Tiszakerecseny'),
(1172, 'Mátyus'),
(1173, 'Lónya'),
(1174, 'Jánd'),
(1175, 'Gulács'),
(1176, 'Hetefejércse'),
(1177, 'Csaroda'),
(1178, 'Tákos'),
(1179, 'Fehérgyarmat'),
(1180, 'Nábrád'),
(1181, 'Kérsemjén'),
(1182, 'Panyola'),
(1183, 'Olcsvaapáti'),
(1184, 'Kisar'),
(1185, 'Tivadar'),
(1186, 'Nagyar'),
(1187, 'Tarpa'),
(1188, 'Márokpapi'),
(1189, 'Beregsurány'),
(1190, 'Beregdaróc'),
(1191, 'Gelénes'),
(1192, 'Vámosatya'),
(1193, 'Barabás'),
(1194, 'Penyige'),
(1195, 'Mánd'),
(1196, 'Nemesborzova'),
(1197, 'Kömörő'),
(1198, 'Túristvándi'),
(1199, 'Szatmárcseke'),
(1200, 'Tiszakóród'),
(1201, 'Tiszacsécse'),
(1202, 'Milota'),
(1203, 'Tiszabecs'),
(1204, 'Uszka'),
(1205, 'Magosliget'),
(1206, 'Sonkád'),
(1207, 'Botpalád'),
(1208, 'Kispalád'),
(1209, 'Zsarolyán'),
(1210, 'Nagyszekeres'),
(1211, 'Kisszekeres'),
(1212, 'Fülesd'),
(1213, 'Kölcse'),
(1214, 'Vámosoroszi'),
(1215, 'Csaholc'),
(1216, 'Túrricse'),
(1217, 'Tisztaberek'),
(1218, 'Rozsály'),
(1219, 'Gacsály'),
(1220, 'Császló'),
(1221, 'Zajta'),
(1222, 'Méhtelek'),
(1223, 'Garbolc'),
(1224, 'Nagyhódos'),
(1225, 'Kishódos'),
(1226, 'Szolnok'),
(1227, 'Zagyvarékas'),
(1228, 'Újszász'),
(1229, 'Szászberek'),
(1230, 'Jászalsószentgyörgy'),
(1231, 'Jászladány'),
(1232, 'Tiszasüly'),
(1233, 'Kőtelek'),
(1234, 'Hunyadfalva'),
(1235, 'Csataszög'),
(1236, 'Nagykörű'),
(1237, 'Besenyszög'),
(1238, 'Szajol'),
(1239, 'Tiszatenyő'),
(1240, 'Kengyel'),
(1241, 'Rákócziújfalu'),
(1242, 'Rákóczifalva'),
(1243, 'Tószeg'),
(1244, 'Tiszavárkony'),
(1245, 'Vezseny'),
(1246, 'Tiszajenő'),
(1247, 'Jászberény'),
(1248, 'Jászfelsőszentgyörgy'),
(1249, 'Jászjákóhalma'),
(1250, 'Jászdózsa'),
(1251, 'Jászárokszállás'),
(1252, 'Jászágó'),
(1253, 'Pusztamonostor'),
(1254, 'Jászfényszaru'),
(1255, 'Jászapáti'),
(1256, 'Jászivány'),
(1257, 'Jászszentandrás'),
(1258, 'Jászkisér'),
(1259, 'Jásztelek'),
(1260, 'Alattyán'),
(1261, 'Jánoshida'),
(1262, 'Jászboldogháza'),
(1263, 'Törökszentmiklós'),
(1264, 'Tiszapüspöki'),
(1265, 'Fegyvernek'),
(1266, 'Örményes'),
(1267, 'Tiszabő'),
(1268, 'Tiszagyenda'),
(1269, 'Tiszaroff'),
(1270, 'Tiszabura'),
(1271, 'Abádszalók'),
(1272, 'Tiszaderzs'),
(1273, 'Tiszaszőlős'),
(1274, 'Karcag'),
(1275, 'Berekfürdő'),
(1276, 'Kisújszállás'),
(1277, 'Kunmadaras'),
(1278, 'Tiszaszentimre'),
(1279, 'Tomajmonostora'),
(1280, 'Kenderes'),
(1281, 'Kunhegyes'),
(1282, 'Tiszafüred'),
(1283, 'Tiszaigar'),
(1284, 'Tiszaörs'),
(1285, 'Nagyiván'),
(1286, 'Mezőtúr'),
(1287, 'Kétpó'),
(1288, 'Kuncsorba'),
(1289, 'Túrkeve'),
(1290, 'Tiszaföldvár'),
(1291, 'Martfű'),
(1292, 'Kunszentmárton'),
(1293, 'Öcsöd'),
(1294, 'Mesterszállás'),
(1295, 'Mezőhék'),
(1296, 'Cibakháza'),
(1297, 'Nagyrév'),
(1298, 'Tiszainoka'),
(1299, 'Cserkeszőlő'),
(1300, 'Tiszakürt'),
(1301, 'Tiszasas'),
(1302, 'Csépa'),
(1303, 'Szelevény'),
(1304, 'Gyomaendrőd'),
(1305, 'Dévaványa'),
(1306, 'Ecsegfalva'),
(1307, 'Körösladány'),
(1308, 'Szeghalom'),
(1309, 'Füzesgyarmat'),
(1310, 'Kertészsziget'),
(1311, 'Bucsa'),
(1312, 'Vésztő'),
(1313, 'Okány'),
(1314, 'Körösújfalu'),
(1315, 'Zsadány'),
(1316, 'Biharugra'),
(1317, 'Körösnagyharsány'),
(1318, 'Szarvas'),
(1319, 'Csabacsűd'),
(1320, 'Kardos'),
(1321, 'Kondoros'),
(1322, 'Hunya'),
(1323, 'Örménykút'),
(1324, 'Békésszentandrás'),
(1325, 'Békéscsaba'),
(1326, 'Csabaszabadi'),
(1327, 'Csárdaszállás'),
(1328, 'Köröstarcsa'),
(1329, 'Doboz'),
(1330, 'Békés'),
(1331, 'Tarhos'),
(1332, 'Bélmegyer'),
(1333, 'Mezőberény'),
(1334, 'Újkígyós'),
(1335, 'Csanádapáca'),
(1336, 'Medgyesbodzás'),
(1337, 'Pusztaottlaka'),
(1338, 'Medgyesegyháza'),
(1339, 'Magyarbánhegyes'),
(1340, 'Nagybánhegyes'),
(1341, 'Murony'),
(1342, 'Kamut'),
(1343, 'Kétsoprony'),
(1344, 'Telekgerendás'),
(1345, 'Gyula'),
(1346, 'Szabadkígyós'),
(1347, 'Sarkad'),
(1348, 'Kötegyán'),
(1349, 'Méhkerék'),
(1350, 'Újszalonta'),
(1351, 'Sarkadkeresztúr'),
(1352, 'Mezőgyán'),
(1353, 'Geszt'),
(1354, 'Kétegyháza'),
(1355, 'Elek'),
(1356, 'Lőkösháza'),
(1357, 'Kevermes'),
(1358, 'Dombiratos'),
(1359, 'Kunágota'),
(1360, 'Almáskamarás'),
(1361, 'Nagykamarás'),
(1362, 'Medgyesegyháza'),
(1363, 'Mezőkovácsháza'),
(1364, 'Végegyháza'),
(1365, 'Mezőhegyes'),
(1366, 'Battonya'),
(1367, 'Dombegyház'),
(1368, 'Kisdombegyház'),
(1369, 'Magyardombegyház'),
(1370, 'Orosháza'),
(1371, 'Pusztaföldvár'),
(1372, 'Csorvás'),
(1373, 'Gerendás'),
(1374, 'Nagyszénás'),
(1375, 'Gádoros'),
(1376, 'Tótkomlós'),
(1377, 'Kardoskút'),
(1378, 'Békéssámson'),
(1379, 'Kaszaper'),
(1380, 'Kecskemét'),
(1381, 'Szentkirály'),
(1382, 'Nyárlőrinc'),
(1383, 'Városföld'),
(1384, 'Helvécia'),
(1385, 'Ballószög'),
(1386, 'Kerekegyháza'),
(1387, 'Fülöpháza'),
(1388, 'Kunbaracs'),
(1389, 'Ladánybene'),
(1390, 'Lajosmizse'),
(1391, 'Felsőlajos'),
(1392, 'Tiszakécske'),
(1393, 'Tiszaug'),
(1394, 'Lakitelek'),
(1395, 'Tiszaalpár'),
(1396, 'Izsák'),
(1397, 'Páhi'),
(1398, 'Ágasegyháza'),
(1399, 'Orgovány'),
(1400, 'Jakabszállás'),
(1401, 'Szabadszállás'),
(1402, 'Fülöpszállás'),
(1403, 'Szalkszentmárton'),
(1404, 'Dunavecse'),
(1405, 'Apostag'),
(1406, 'Kunszentmiklós'),
(1407, 'Kunpeszér'),
(1408, 'Kunadacs'),
(1409, 'Tass'),
(1410, 'Kiskunfélegyháza'),
(1411, 'Gátér'),
(1412, 'Pálmonostora'),
(1413, 'Petőfiszállás'),
(1414, 'Bugac'),
(1415, 'Bugacpusztaháza'),
(1416, 'Kunszállás'),
(1417, 'Fülöpjakab'),
(1418, 'Kiskunmajsa'),
(1419, 'Szank'),
(1420, 'Móricgát'),
(1421, 'Jászszentlászló'),
(1422, 'Kömpöc'),
(1423, 'Csólyospálos'),
(1424, 'Harkakötöny'),
(1425, 'Kiskőrös'),
(1426, 'Kaskantyú'),
(1427, 'Akasztó'),
(1428, 'Csengőd'),
(1429, 'Soltszentimre'),
(1430, 'Tabdi'),
(1431, 'Soltvadkert'),
(1432, 'Bócsa'),
(1433, 'Tázlár'),
(1434, 'Kecel'),
(1435, 'Imrehegy'),
(1436, 'Császártöltés'),
(1437, 'Kalocsa'),
(1438, 'Öregcsertő'),
(1439, 'Solt'),
(1440, 'Újsolt'),
(1441, 'Dunaegyháza'),
(1442, 'Dunatetétlen'),
(1443, 'Harta'),
(1444, 'Dunapataj'),
(1445, 'Foktő'),
(1446, 'Uszód'),
(1447, 'Dunaszentbenedek'),
(1448, 'Géderlak'),
(1449, 'Ordas'),
(1450, 'Szakmár'),
(1451, 'Újtelek'),
(1452, 'Homokmégy'),
(1453, 'Drágszél'),
(1454, 'Miske'),
(1455, 'Hajós'),
(1456, 'Nemesnádudvar'),
(1457, 'Sükösd'),
(1458, 'Érsekcsanád'),
(1459, 'Érsekhalma'),
(1460, 'Bátya'),
(1461, 'Fajsz'),
(1462, 'Dusnok'),
(1463, 'Kiskunhalas'),
(1464, 'Zsana'),
(1465, 'Balotaszállás'),
(1466, 'Kunfehértó'),
(1467, 'Pirtó'),
(1468, 'Kisszállás'),
(1469, 'Tompa'),
(1470, 'Kelebia'),
(1471, 'Csikéria'),
(1472, 'Bácsszőlős'),
(1473, 'Bácsalmás'),
(1474, 'Kunbaja'),
(1475, 'Jánoshalma'),
(1476, 'Kéleshalom'),
(1477, 'Borota'),
(1478, 'Rém'),
(1479, 'Felsőszentiván'),
(1480, 'Csávoly'),
(1481, 'Mélykút'),
(1482, 'Tataháza'),
(1483, 'Mátételke'),
(1484, 'Bácsbokod'),
(1485, 'Bácsborsód'),
(1486, 'Katymár'),
(1487, 'Madaras'),
(1488, 'Baja'),
(1489, 'Bácsszentgyörgy'),
(1490, 'Szeremle'),
(1491, 'Dunafalva'),
(1492, 'Vaskút'),
(1493, 'Gara'),
(1494, 'Csátalja'),
(1495, 'Dávod'),
(1496, 'Hercegszántó'),
(1497, 'Nagybaracska'),
(1498, 'Bátmonostor'),
(1499, 'Szentes'),
(1500, 'Nagytőke'),
(1501, 'Derekegyház'),
(1502, 'Nagymágocs'),
(1503, 'Árpádhalom'),
(1504, 'Eperjes'),
(1505, 'Fábiánsebestyén'),
(1506, 'Mindszent'),
(1507, 'Szegvár'),
(1508, 'Mártély'),
(1509, 'Csongrád'),
(1510, 'Felgyő'),
(1511, 'Tömörkény'),
(1512, 'Csanytelek'),
(1513, 'Szeged'),
(1514, 'Algyő'),
(1515, 'Újszentiván'),
(1516, 'Kübekháza'),
(1517, 'Tiszasziget'),
(1518, 'Röszke'),
(1519, 'Kistelek'),
(1520, 'Sándorfalva'),
(1521, 'Szatymaz'),
(1522, 'Balástya'),
(1523, 'Csengele'),
(1524, 'Dóc'),
(1525, 'Ópusztaszer'),
(1526, 'Baks'),
(1527, 'Pusztaszer'),
(1528, 'Deszk'),
(1529, 'Klárafalva'),
(1530, 'Ferencszállás'),
(1531, 'Kiszombor'),
(1532, 'Domaszék'),
(1533, 'Mórahalom'),
(1534, 'Ásotthalom'),
(1535, 'Öttömös'),
(1536, 'Pusztamérges'),
(1537, 'Ruzsa'),
(1538, 'Zákányszék'),
(1539, 'Zsombó'),
(1540, 'Forráskút'),
(1541, 'Üllés'),
(1542, 'Bordány'),
(1543, 'Hódmezővásárhely'),
(1544, 'Székkutas'),
(1545, 'Makó'),
(1546, 'Királyhegyes'),
(1547, 'Kövegy'),
(1548, 'Csanádpalota'),
(1549, 'Pitvaros'),
(1550, 'Csanádalberti'),
(1551, 'Ambrózfalva'),
(1552, 'Nagyér'),
(1553, 'Maroslele'),
(1554, 'Földeák'),
(1555, 'Óföldeák'),
(1556, 'Apátfalva'),
(1557, 'Magyarcsanád'),
(1558, 'Nagylak'),
(1559, 'Sárbogárd'),
(1560, 'Alap'),
(1561, 'Alsószentiván'),
(1562, 'Cece'),
(1563, 'Sáregres'),
(1564, 'Igar'),
(1565, 'Mezőszilas'),
(1566, 'Dunaföldvár'),
(1567, 'Bölcske'),
(1568, 'Madocsa'),
(1569, 'Paks'),
(1570, 'Pusztahencse'),
(1571, 'Németkér'),
(1572, 'Vajta'),
(1573, 'Pálfa'),
(1574, 'Bikács'),
(1575, 'Nagydorog'),
(1576, 'Györköny'),
(1577, 'Sárszentlőrinc'),
(1578, 'Kajdacs'),
(1579, 'Kölesd'),
(1580, 'Tengelic'),
(1581, 'Szedres'),
(1582, 'Medina'),
(1583, 'Belecska'),
(1584, 'Keszőhidegkút'),
(1585, 'Szárazd'),
(1586, 'Gyönk'),
(1587, 'Miszla'),
(1588, 'Udvari'),
(1589, 'Varsád'),
(1590, 'Kistormás'),
(1591, 'Szakadát'),
(1592, 'Diósberény'),
(1593, 'Simontornya'),
(1594, 'Kisszékely'),
(1595, 'Tolnanémedi'),
(1596, 'Pincehely'),
(1597, 'Nagyszékely'),
(1598, 'Ozora'),
(1599, 'Fürged'),
(1600, 'Tamási'),
(1601, 'Pári'),
(1602, 'Nagykónyi'),
(1603, 'Értény'),
(1604, 'Koppányszántó'),
(1605, 'Iregszemcse'),
(1606, 'Újireg'),
(1607, 'Nagyszokoly'),
(1608, 'Magyarkeszi'),
(1609, 'Felsőnyék'),
(1610, 'Szekszárd'),
(1611, 'Szálka'),
(1612, 'Kakasd'),
(1613, 'Tolna'),
(1614, 'Bogyiszló'),
(1615, 'Fadd'),
(1616, 'Gerjen'),
(1617, 'Dunaszentgyörgy'),
(1618, 'Fácánkert'),
(1619, 'Bátaszék'),
(1620, 'Pörböly'),
(1621, 'Őcsény'),
(1622, 'Decs'),
(1623, 'Sárpilis'),
(1624, 'Várdomb'),
(1625, 'Alsónána'),
(1626, 'Alsónyék'),
(1627, 'Báta'),
(1628, 'Bonyhád'),
(1629, 'Bonyhádvarasd'),
(1630, 'Kisdorog'),
(1631, 'Cikó'),
(1632, 'Grábóc'),
(1633, 'Mőcsény'),
(1634, 'Bátaapáti'),
(1635, 'Mórágy'),
(1636, 'Sióagárd'),
(1637, 'Harc'),
(1638, 'Zomba'),
(1639, 'Kéty'),
(1640, 'Felsőnána'),
(1641, 'Murga'),
(1642, 'Tevel'),
(1643, 'Závod'),
(1644, 'Kisvejke'),
(1645, 'Lengyel'),
(1646, 'Mucsfa'),
(1647, 'Aparhant'),
(1648, 'Nagyvejke'),
(1649, 'Szárász'),
(1650, 'Hőgyész'),
(1651, 'Szakály'),
(1652, 'Regöly'),
(1653, 'Kalaznó'),
(1654, 'Mucsi'),
(1655, 'Dombóvár'),
(1656, 'Dalmand'),
(1657, 'Kocsola'),
(1658, 'Szakcs'),
(1659, 'Lápafő'),
(1660, 'Várong'),
(1661, 'Nak'),
(1662, 'Dúzs'),
(1663, 'Csibrák'),
(1664, 'Kurd'),
(1665, 'Gyulaj'),
(1666, 'Döbrököz'),
(1667, 'Kapospula'),
(1668, 'Attala'),
(1669, 'Csoma'),
(1670, 'Szabadi'),
(1671, 'Nagyberki'),
(1672, 'Kercseliget'),
(1673, 'Mosdós'),
(1674, 'Baté'),
(1675, 'Kaposkeresztúr'),
(1676, 'Taszár'),
(1677, 'Kaposhomok'),
(1678, 'Fonó'),
(1679, 'Gölle'),
(1680, 'Büssü'),
(1681, 'Kazsok'),
(1682, 'Igal'),
(1683, 'Somogyszil'),
(1684, 'Gadács'),
(1685, 'Kisgyalán'),
(1686, 'Bonnya'),
(1687, 'Kisbárapáti'),
(1688, 'Fiad'),
(1689, 'Somogyacsa'),
(1690, 'Somogydöröcske'),
(1691, 'Törökkoppány'),
(1692, 'Kára'),
(1693, 'Szorosad'),
(1694, 'Komló'),
(1695, 'Mánfa'),
(1696, 'Mecsekpölöske'),
(1697, 'Liget'),
(1698, 'Magyaregregy'),
(1699, 'Kárász'),
(1700, 'Vékény'),
(1701, 'Szalatnak'),
(1702, 'Köblény'),
(1703, 'Csikóstőttős'),
(1704, 'Mágocs'),
(1705, 'Nagyhajmás'),
(1706, 'Mekényes'),
(1707, 'Alsómocsolád'),
(1708, 'Bikal'),
(1709, 'Egyházaskozár'),
(1710, 'Hegyhátmaróc'),
(1711, 'Tófű'),
(1712, 'Szászvár'),
(1713, 'Máza'),
(1714, 'Györe'),
(1715, 'Izmény'),
(1716, 'Váralja'),
(1717, 'Nagymányok'),
(1718, 'Kismányok'),
(1719, 'Jágónak'),
(1720, 'Kaposszekcső'),
(1721, 'Vásárosdombó'),
(1722, 'Gerényes'),
(1723, 'Tarrós'),
(1724, 'Sásd'),
(1725, 'Felsőegerszeg'),
(1726, 'Meződ'),
(1727, 'Oroszló'),
(1728, 'Palé'),
(1729, 'Varga'),
(1730, 'Vázsnok'),
(1731, 'Kisvaszar'),
(1732, 'Ág'),
(1733, 'Tékes'),
(1734, 'Tormás'),
(1735, 'Baranyaszentgyörgy'),
(1736, 'Szágy'),
(1737, 'Baranyajenő'),
(1738, 'Gödre'),
(1739, 'Mindszentgodisa'),
(1740, 'Kisbeszterce'),
(1741, 'Kishajmás'),
(1742, 'Bakóca'),
(1743, 'Magyarhertelend'),
(1744, 'Bodolyabér'),
(1745, 'Magyarszék'),
(1746, 'Kaposvár'),
(1747, 'Zselickislak'),
(1748, 'Juta'),
(1749, 'Hetes'),
(1750, 'Csombárd'),
(1751, 'Mezőcsokonya'),
(1752, 'Somogysárd'),
(1753, 'Újvárfalva'),
(1754, 'Bodrog'),
(1755, 'Magyaregres'),
(1756, 'Várda'),
(1757, 'Somogyjád'),
(1758, 'Alsóbogát'),
(1759, 'Edde'),
(1760, 'Osztopán'),
(1761, 'Somogyaszaló'),
(1762, 'Mernye'),
(1763, 'Somodor'),
(1764, 'Somogygeszti'),
(1765, 'Felsőmocsolád'),
(1766, 'Ecseny'),
(1767, 'Polány'),
(1768, 'Orci'),
(1769, 'Magyaratád'),
(1770, 'Patalom'),
(1771, 'Ráksi'),
(1772, 'Szentgáloskér'),
(1773, 'Zimány'),
(1774, 'Szentbalázs'),
(1775, 'Cserénfa'),
(1776, 'Gálosfa'),
(1777, 'Hajmás'),
(1778, 'Kaposgyarmat'),
(1779, 'Simonfa'),
(1780, 'Zselicszentpál'),
(1781, 'Bőszénfa'),
(1782, 'Kaposszerdahely'),
(1783, 'Szenna'),
(1784, 'Patca'),
(1785, 'Szilvásszentmárton'),
(1786, 'Zselickisfalud'),
(1787, 'Bárdudvarnok'),
(1788, 'Sántos'),
(1789, 'Nagyatád'),
(1790, 'Ötvöskónyi'),
(1791, 'Mike'),
(1792, 'Rinyaszentkirály'),
(1793, 'Tarany'),
(1794, 'Somogyudvarhely'),
(1795, 'Berzence'),
(1796, 'Bolhás'),
(1797, 'Kaposmérő'),
(1798, 'Kaposújlak'),
(1799, 'Kaposfő'),
(1800, 'Kisasszond'),
(1801, 'Kiskorpád'),
(1802, 'Jákó'),
(1803, 'Csököly'),
(1804, 'Gige'),
(1805, 'Rinyakovácsi'),
(1806, 'Kadarkút'),
(1807, 'Kőkút'),
(1808, 'Hencse'),
(1809, 'Hedrehely'),
(1810, 'Visnye'),
(1811, 'Lad'),
(1812, 'Patosfa'),
(1813, 'Homokszentgyörgy'),
(1814, 'Kálmáncsa'),
(1815, 'Szulok'),
(1816, 'Kutas'),
(1817, 'Kisbajom'),
(1818, 'Beleg'),
(1819, 'Szabás'),
(1820, 'Nagykorpád'),
(1821, 'Lábod'),
(1822, 'Rinyabesenyő'),
(1823, 'Görgeteg'),
(1824, 'Csokonyavisonta'),
(1825, 'Rinyaújlak'),
(1826, 'Barcs'),
(1827, 'Nagybajom'),
(1828, 'Pálmajor'),
(1829, 'Segesd'),
(1830, 'Somogyszob'),
(1831, 'Kaszó'),
(1832, 'Komlósd'),
(1833, 'Péterhida'),
(1834, 'Babócsa'),
(1835, 'Rinyaújnép'),
(1836, 'Somogyaracs'),
(1837, 'Háromfa'),
(1838, 'Bakháza'),
(1839, 'Bolhó'),
(1840, 'Heresznye'),
(1841, 'Vízvár'),
(1842, 'Bélavár'),
(1843, 'Pécs'),
(1844, 'Kökény'),
(1845, 'Erzsébet'),
(1846, 'Kátoly'),
(1847, 'Kékesd'),
(1848, 'Szellő'),
(1849, 'Máriakéménd'),
(1850, 'Berkesd'),
(1851, 'Pereked'),
(1852, 'Szilágy'),
(1853, 'Pogány'),
(1854, 'Keszü'),
(1855, 'Gyód'),
(1856, 'Bicsérd'),
(1857, 'Aranyosgadány'),
(1858, 'Zók'),
(1859, 'Boda'),
(1860, 'Kővágószőlős'),
(1861, 'Cserkút'),
(1862, 'Bakonya'),
(1863, 'Kővágótöttös'),
(1864, 'Orfű'),
(1865, 'Abaliget'),
(1866, 'Husztót'),
(1867, 'Kovácsszénája'),
(1868, 'Hetvehely'),
(1869, 'Okorvölgy'),
(1870, 'Szentkatalin'),
(1871, 'Bükkösd'),
(1872, 'Helesfa'),
(1873, 'Cserdi'),
(1874, 'Dinnyeberki'),
(1875, 'Hosszúhetény'),
(1876, 'Mecseknádasd'),
(1877, 'Óbánya'),
(1878, 'Ófalu'),
(1879, 'Hidas'),
(1880, 'Mohács'),
(1881, 'Bár'),
(1882, 'Dunaszekcső'),
(1883, 'Homorúd'),
(1884, 'Kölked'),
(1885, 'Udvar'),
(1886, 'Pécsvárad'),
(1887, 'Apátvarasd'),
(1888, 'Lovászhetény'),
(1889, 'Martonfa'),
(1890, 'Zengővárkony'),
(1891, 'Erdősmecske'),
(1892, 'Feked'),
(1893, 'Szebény'),
(1894, 'Véménd'),
(1895, 'Palotabozsok'),
(1896, 'Somberek'),
(1897, 'Görcsönydoboka'),
(1898, 'Nagypall'),
(1899, 'Fazekasboda'),
(1900, 'Geresdlak'),
(1901, 'Maráza'),
(1902, 'Himesháza'),
(1903, 'Erdősmárok'),
(1904, 'Szűr'),
(1905, 'Székelyszabar'),
(1906, 'Nagykozár'),
(1907, 'Bogád'),
(1908, 'Romonya'),
(1909, 'Ellend'),
(1910, 'Olasz'),
(1911, 'Hásságy'),
(1912, 'Belvárdgyula'),
(1913, 'Birján'),
(1914, 'Szederkény'),
(1915, 'Monyoród'),
(1916, 'Versend'),
(1917, 'Szajk'),
(1918, 'Bóly'),
(1919, 'Töttös'),
(1920, 'Borjád'),
(1921, 'Kisbudmér'),
(1922, 'Nagybudmér'),
(1923, 'Pócsa'),
(1924, 'Babarc'),
(1925, 'Liptód'),
(1926, 'Lánycsók'),
(1927, 'Kisnyárád'),
(1928, 'Kozármisleny'),
(1929, 'Lothárd'),
(1930, 'Magyarsarlós'),
(1931, 'Pécsudvard'),
(1932, 'Egerág'),
(1933, 'Áta'),
(1934, 'Kisherend'),
(1935, 'Szemely'),
(1936, 'Szőkéd'),
(1937, 'Újpetre'),
(1938, 'Kiskassa'),
(1939, 'Peterd'),
(1940, 'Pécsdevecser'),
(1941, 'Vokány'),
(1942, 'Kistótfalu'),
(1943, 'Palkonya'),
(1944, 'Villánykövesd'),
(1945, 'Ivánbattyán'),
(1946, 'Villány'),
(1947, 'Kisjakabfalva'),
(1948, 'Márok'),
(1949, 'Magyarbóly'),
(1950, 'Illocska'),
(1951, 'Kislippó'),
(1952, 'Lapáncsa'),
(1953, 'Lippó'),
(1954, 'Ivándárda'),
(1955, 'Sárok'),
(1956, 'Bezedek'),
(1957, 'Majs'),
(1958, 'Nagynyárád'),
(1959, 'Sátorhely'),
(1960, 'Siklós'),
(1961, 'Kisharsány'),
(1962, 'Nagytótfalu'),
(1963, 'Szalánta'),
(1964, 'Bisse'),
(1965, 'Bosta'),
(1966, 'Csarnóta'),
(1967, 'Szilvás'),
(1968, 'Túrony'),
(1969, 'Garé'),
(1970, 'Szava'),
(1971, 'Ócsárd'),
(1972, 'Babarcszőlős'),
(1973, 'Kisdér'),
(1974, 'Siklósbodony'),
(1975, 'Harkány'),
(1976, 'Diósviszló'),
(1977, 'Márfa'),
(1978, 'Rádfalva'),
(1979, 'Nagyharsány'),
(1980, 'Siklósnagyfalu'),
(1981, 'Kistapolca'),
(1982, 'Egyházasharaszti'),
(1983, 'Old'),
(1984, 'Alsószentmárton'),
(1985, 'Beremend'),
(1986, 'Kásád'),
(1987, 'Pellérd'),
(1988, 'Görcsöny'),
(1989, 'Regenye'),
(1990, 'Szőke'),
(1991, 'Baksa'),
(1992, 'Tengeri'),
(1993, 'Téseny'),
(1994, 'Bogádmindszent'),
(1995, 'Ózdfalu'),
(1996, 'Hegyszentmárton'),
(1997, 'Vajszló'),
(1998, 'Besence'),
(1999, 'Hirics'),
(2000, 'Lúzsok'),
(2001, 'Nagycsány'),
(2002, 'Páprád'),
(2003, 'Piskó'),
(2004, 'Vejti'),
(2005, 'Zaláta'),
(2006, 'Kemse'),
(2007, 'Sámod'),
(2008, 'Adorjás'),
(2009, 'Baranyahídvég'),
(2010, 'Kisszentmárton'),
(2011, 'Kórós'),
(2012, 'Kémes'),
(2013, 'Cún'),
(2014, 'Drávapiski'),
(2015, 'Szaporca'),
(2016, 'Tésenfa'),
(2017, 'Drávacsepely'),
(2018, 'Kovácshida'),
(2019, 'Drávaszerdahely'),
(2020, 'Ipacsfa'),
(2021, 'Drávacsehi'),
(2022, 'Drávapalkonya'),
(2023, 'Drávaszabolcs'),
(2024, 'Gordisa'),
(2025, 'Matty'),
(2026, 'Szigetvár'),
(2027, 'Botykapeterd'),
(2028, 'Csertő'),
(2029, 'Nagypeterd'),
(2030, 'Nyugotszenterzsébet'),
(2031, 'Nagyváty'),
(2032, 'Szentdénes'),
(2033, 'Rózsafa'),
(2034, 'Bánfa'),
(2035, 'Katádfa'),
(2036, 'Dencsháza'),
(2037, 'Szentegát'),
(2038, 'Lakócsa'),
(2039, 'Szentborbás'),
(2040, 'Tótújfalu'),
(2041, 'Somogyhatvan'),
(2042, 'Somogyapáti'),
(2043, 'Basal'),
(2044, 'Patapoklosi'),
(2045, 'Somogyviszló'),
(2046, 'Somogyhárságy'),
(2047, 'Magyarlukafa'),
(2048, 'Vásárosbéc'),
(2049, 'Mozsgó'),
(2050, 'Almáskeresztúr'),
(2051, 'Szulimán'),
(2052, 'Almamellék'),
(2053, 'Ibafa'),
(2054, 'Csebény'),
(2055, 'Horváthertelend'),
(2056, 'Szentlászló'),
(2057, 'Boldogasszonyfa'),
(2058, 'Szentlőrinc'),
(2059, 'Csonkamindszent'),
(2060, 'Kacsóta'),
(2061, 'Szabadszentkirály'),
(2062, 'Gerde'),
(2063, 'Pécsbagota'),
(2064, 'Velény'),
(2065, 'Királyegyháza'),
(2066, 'Magyarmecske'),
(2067, 'Gilvánfa'),
(2068, 'Gyöngyfa'),
(2069, 'Kisasszonyfa'),
(2070, 'Magyartelek'),
(2071, 'Okorág'),
(2072, 'Kákics'),
(2073, 'Sellye'),
(2074, 'Drávaiványi'),
(2075, 'Drávasztára'),
(2076, 'Marócsa'),
(2077, 'Sósvertike'),
(2078, 'Sumony'),
(2079, 'Csányoszró'),
(2080, 'Bogdása'),
(2081, 'Drávafok'),
(2082, 'Drávakeresztúr'),
(2083, 'Markóc'),
(2084, 'Felsőszentmárton'),
(2085, 'Hobol'),
(2086, 'Gyöngyösmellék'),
(2087, 'Teklafalu'),
(2088, 'Bürüs'),
(2089, 'Endrőc'),
(2090, 'Várad'),
(2091, 'Kétújfalu'),
(2092, 'Zádor'),
(2093, 'Szörény'),
(2094, 'Kastélyosdombó'),
(2095, 'Drávagárdony'),
(2096, 'Potony'),
(2097, 'Drávatamási'),
(2098, 'Pettend'),
(2099, 'Nemeske'),
(2100, 'Kistamási'),
(2101, 'Merenye'),
(2102, 'Molvány'),
(2103, 'Tótszentgyörgy'),
(2104, 'Nagydobsza'),
(2105, 'Kisdobsza'),
(2106, 'Istvándi'),
(2107, 'Darány'),
(2108, 'Székesfehérvár'),
(2109, 'Csór'),
(2110, 'Moha'),
(2111, 'Iszkaszentgyörgy'),
(2112, 'Kincsesbánya'),
(2113, 'Isztimér'),
(2114, 'Bakonykúti'),
(2115, 'Sárkeresztes'),
(2116, 'Fehérvárcsurgó'),
(2117, 'Bodajk'),
(2118, 'Balinka'),
(2119, 'Bakonycsernye'),
(2120, 'Mór'),
(2121, 'Nagyveleg'),
(2122, 'Pusztavám'),
(2123, 'Magyaralmás'),
(2124, 'Söréd'),
(2125, 'Csákberény'),
(2126, 'Csókakő'),
(2127, 'Bodmér'),
(2128, 'Zámoly'),
(2129, 'Gánt'),
(2130, 'Csákvár'),
(2131, 'Vértesboglár'),
(2132, 'Felcsút'),
(2133, 'Alcsútdoboz'),
(2134, 'Tabajd'),
(2135, 'Vértesacsa'),
(2136, 'Pátka'),
(2137, 'Lovasberény'),
(2138, 'Pákozd'),
(2139, 'Sukoró'),
(2140, 'Nadap'),
(2141, 'Várpalota'),
(2142, 'Pétfürdő'),
(2143, 'Tés'),
(2144, 'Seregélyes'),
(2145, 'Zichyújfalu'),
(2146, 'Tác'),
(2147, 'Csősz'),
(2148, 'Soponya'),
(2149, 'Káloz'),
(2150, 'Sárkeresztúr'),
(2151, 'Sárszentágota'),
(2152, 'Aba'),
(2153, 'Enying'),
(2154, 'Lepsény'),
(2155, 'Mezőszentgyörgy'),
(2156, 'Mátyásdomb'),
(2157, 'Dég'),
(2158, 'Lajoskomárom'),
(2159, 'Mezőkomárom'),
(2160, 'Szabadhídvég'),
(2161, 'Úrhida'),
(2162, 'Sárszentmihály'),
(2163, 'Sárkeszi'),
(2164, 'Nádasdladány'),
(2165, 'Jenő'),
(2166, 'Szabadbattyán'),
(2167, 'Kőszárhegy'),
(2168, 'Polgárdi'),
(2169, 'Kisláng'),
(2170, 'Füle'),
(2171, 'Ősi'),
(2172, 'Küngös'),
(2173, 'Csajág'),
(2174, 'Balatonfőkajár'),
(2175, 'Balatonvilágos'),
(2176, 'Balatonakarattya'),
(2177, 'Balatonkenese'),
(2178, 'Balatonfűzfő'),
(2179, 'Berhida'),
(2180, 'Papkeszi'),
(2181, 'Öskü'),
(2182, 'Hajmáskér'),
(2183, 'Sóly'),
(2184, 'Vilonya'),
(2185, 'Királyszentistván'),
(2186, 'Litér'),
(2187, 'Veszprém'),
(2188, 'Balatonalmádi'),
(2189, 'Szentkirályszabadja'),
(2190, 'Alsóörs'),
(2191, 'Felsőörs'),
(2192, 'Lovas'),
(2193, 'Csopak'),
(2194, 'Paloznak'),
(2195, 'Balatonfüred'),
(2196, 'Balatonszőlős'),
(2197, 'Tihany'),
(2198, 'Aszófő'),
(2199, 'Balatonudvari'),
(2200, 'Örvényes'),
(2201, 'Balatonakali'),
(2202, 'Dörgicse'),
(2203, 'Pécsely'),
(2204, 'Vászoly'),
(2205, 'Tótvázsony'),
(2206, 'Hidegkút'),
(2207, 'Nemesvámos'),
(2208, 'Veszprémfajsz'),
(2209, 'Zánka'),
(2210, 'Balatonszepezd'),
(2211, 'Révfülöp'),
(2212, 'Kővágóörs'),
(2213, 'Kékkút'),
(2214, 'Balatonrendes'),
(2215, 'Ábrahámhegy'),
(2216, 'Salföld'),
(2217, 'Badacsonytomaj'),
(2218, 'Badacsonytördemic'),
(2219, 'Szigliget'),
(2220, 'Hegymagas'),
(2221, 'Mencshely'),
(2222, 'Szentantalfa'),
(2223, 'Balatoncsicsó'),
(2224, 'Óbudavár'),
(2225, 'Szentjakabfa'),
(2226, 'Tagyon'),
(2227, 'Monoszló'),
(2228, 'Köveskál'),
(2229, 'Balatonhenye'),
(2230, 'Szentbékkálla'),
(2231, 'Mindszentkálla'),
(2232, 'Káptalantóti'),
(2233, 'Nemesgulács'),
(2234, 'Kisapáti'),
(2235, 'Gyulakeszi'),
(2236, 'Nagyvázsony'),
(2237, 'Barnag'),
(2238, 'Pula'),
(2239, 'Vöröstó'),
(2240, 'Öcs'),
(2241, 'Kapolcs'),
(2242, 'Vigántpetend'),
(2243, 'Taliándörögd'),
(2244, 'Monostorapáti'),
(2245, 'Hegyesd'),
(2246, 'Tapolca'),
(2247, 'Raposka'),
(2248, 'Zalahaláp'),
(2249, 'Sáska'),
(2250, 'Nemesvita'),
(2251, 'Balatonederics'),
(2252, 'Balatongyörök'),
(2253, 'Vonyarcvashegy'),
(2254, 'Gyenesdiás'),
(2255, 'Várvölgy'),
(2256, 'Vállus'),
(2257, 'Lesencefalu'),
(2258, 'Lesencetomaj'),
(2259, 'Lesenceistvánd'),
(2260, 'Uzsa'),
(2261, 'Sümeg'),
(2262, 'Mihályfa'),
(2263, 'Kisvásárhely'),
(2264, 'Szalapa'),
(2265, 'Óhíd'),
(2266, 'Zalaerdőd'),
(2267, 'Hetyefő'),
(2268, 'Dabronc'),
(2269, 'Gógánfa'),
(2270, 'Ukk'),
(2271, 'Rigács'),
(2272, 'Megyer'),
(2273, 'Zalameggyes'),
(2274, 'Zalagyömörő'),
(2275, 'Sümegprága'),
(2276, 'Bazsi'),
(2277, 'Zalaszántó'),
(2278, 'Vindornyalak'),
(2279, 'Karmacs'),
(2280, 'Vindornyafok'),
(2281, 'Zalaköveskút'),
(2282, 'Vindornyaszőlős'),
(2283, 'Kisgörbő'),
(2284, 'Nagygörbő'),
(2285, 'Sümegcsehi'),
(2286, 'Döbröce'),
(2287, 'Keszthely'),
(2288, 'Nemesbük'),
(2289, 'Cserszegtomaj'),
(2290, 'Rezi'),
(2291, 'Hévíz'),
(2292, 'Sármellék'),
(2293, 'Zalavár'),
(2294, 'Szentgyörgyvár'),
(2295, 'Alsópáhok'),
(2296, 'Felsőpáhok'),
(2297, 'Ajka'),
(2298, 'Úrkút'),
(2299, 'Eplény'),
(2300, 'Olaszfalu'),
(2301, 'Nagyesztergár'),
(2302, 'Dudar'),
(2303, 'Csetény'),
(2304, 'Bakonyoszlop'),
(2305, 'Csesznek'),
(2306, 'Zirc'),
(2307, 'Bakonynána'),
(2308, 'Szápár'),
(2309, 'Jásd'),
(2310, 'Lókút'),
(2311, 'Pénzesgyőr'),
(2312, 'Bakonybél'),
(2313, 'Borzavár'),
(2314, 'Porva'),
(2315, 'Bakonyszentkirály'),
(2316, 'Bakonyszentlászló'),
(2317, 'Fenyőfő'),
(2318, 'Bakonygyirót'),
(2319, 'Románd'),
(2320, 'Gic'),
(2321, 'Veszprémvarsány'),
(2322, 'Sikátor'),
(2323, 'Herend'),
(2324, 'Márkó'),
(2325, 'Hárskút'),
(2326, 'Bánd'),
(2327, 'Szentgál'),
(2328, 'Városlőd'),
(2329, 'Csehbánya'),
(2330, 'Kislőd'),
(2331, 'Magyarpolány'),
(2332, 'Halimba'),
(2333, 'Szőc'),
(2334, 'Nyirád'),
(2335, 'Pusztamiske'),
(2336, 'Noszlop'),
(2337, 'Bakonypölöske'),
(2338, 'Oroszi'),
(2339, 'Devecser'),
(2340, 'Kolontár'),
(2341, 'Kamond'),
(2342, 'Káptalanfa'),
(2343, 'Bodorfa'),
(2344, 'Nemeshany'),
(2345, 'Gyepükaján'),
(2346, 'Csabrendek'),
(2347, 'Veszprémgalsa'),
(2348, 'Hosztót'),
(2349, 'Szentimrefalva'),
(2350, 'Zalaszegvár'),
(2351, 'Tüskevár'),
(2352, 'Apácatorna'),
(2353, 'Kisberzseny'),
(2354, 'Somlójenő'),
(2355, 'Borszörcsök'),
(2356, 'Somlóvásárhely'),
(2357, 'Doba'),
(2358, 'Somlószőlős'),
(2359, 'Kisszőlős'),
(2360, 'Nagyalásony'),
(2361, 'Somlóvecse'),
(2362, 'Vid'),
(2363, 'Dabrony'),
(2364, 'Karakószörcsök'),
(2365, 'Kerta'),
(2366, 'Iszkáz'),
(2367, 'Kiscsősz'),
(2368, 'Csögle'),
(2369, 'Nagypirit'),
(2370, 'Kispirit'),
(2371, 'Adorjánháza'),
(2372, 'Egeralja'),
(2373, 'Pápa'),
(2374, 'Nyárád'),
(2375, 'Mihályháza'),
(2376, 'Mezőlak'),
(2377, 'Békás'),
(2378, 'Kemeneshőgyész'),
(2379, 'Magyargencs'),
(2380, 'Kemenesszentpéter'),
(2381, 'Nagyacsád'),
(2382, 'Nemesgörzsöny'),
(2383, 'Egyházaskesző'),
(2384, 'Várkesző'),
(2385, 'Marcaltő'),
(2386, 'Malomsok'),
(2387, 'Takácsi'),
(2388, 'Vaszar'),
(2389, 'Gecse'),
(2390, 'Nagygyimót'),
(2391, 'Vanyola'),
(2392, 'Lovászpatona'),
(2393, 'Nagydém'),
(2394, 'Bakonytamási'),
(2395, 'Pápateszér'),
(2396, 'Bakonyszentiván'),
(2397, 'Bakonyság'),
(2398, 'Csót'),
(2399, 'Adásztevel'),
(2400, 'Nagytevel'),
(2401, 'Homokbödöge'),
(2402, 'Ugod'),
(2403, 'Béb'),
(2404, 'Bakonykoppány'),
(2405, 'Bakonyszücs'),
(2406, 'Bakonyjákó'),
(2407, 'Németbánya'),
(2408, 'Farkasgyepű'),
(2409, 'Nóráp'),
(2410, 'Dáka'),
(2411, 'Pápadereske'),
(2412, 'Pápasalamon'),
(2413, 'Kup'),
(2414, 'Pápakovácsi'),
(2415, 'Ganna'),
(2416, 'Döbrönte'),
(2417, 'Siófok'),
(2418, 'Nyim'),
(2419, 'Balatonendréd'),
(2420, 'Bálványos'),
(2421, 'Kőröshegy'),
(2422, 'Kereki'),
(2423, 'Pusztaszemes'),
(2424, 'Zamárdi'),
(2425, 'Szántód'),
(2426, 'Balatonföldvár'),
(2427, 'Balatonszárszó'),
(2428, 'Szólád'),
(2429, 'Teleki'),
(2430, 'Kötcse'),
(2431, 'Nagycsepely'),
(2432, 'Balatonboglár'),
(2433, 'Ordacsehi'),
(2434, 'Balatonszemes'),
(2435, 'Balatonőszöd'),
(2436, 'Balatonlelle'),
(2437, 'Fonyód'),
(2438, 'Balatonfenyves'),
(2439, 'Balatonmáriafürdő'),
(2440, 'Balatonkeresztúr'),
(2441, 'Balatonberény'),
(2442, 'Balatonszabadi'),
(2443, 'Siójut'),
(2444, 'Ádánd'),
(2445, 'Ságvár'),
(2446, 'Som'),
(2447, 'Nagyberény'),
(2448, 'Bábonymegyer'),
(2449, 'Tab'),
(2450, 'Lulla'),
(2451, 'Sérsekszőlős'),
(2452, 'Torvaj'),
(2453, 'Zala'),
(2454, 'Bedegkér'),
(2455, 'Somogyegres'),
(2456, 'Kánya'),
(2457, 'Tengőd'),
(2458, 'Miklósi'),
(2459, 'Kapoly'),
(2460, 'Zics'),
(2461, 'Somogymeggyes'),
(2462, 'Nágocs'),
(2463, 'Andocs'),
(2464, 'Karád'),
(2465, 'Látrány'),
(2466, 'Visz'),
(2467, 'Somogytúr'),
(2468, 'Somogybabod'),
(2469, 'Gamás'),
(2470, 'Szőlősgyörök'),
(2471, 'Gyugy'),
(2472, 'Lengyeltóti'),
(2473, 'Kisberény'),
(2474, 'Hács'),
(2475, 'Buzsák'),
(2476, 'Táska'),
(2477, 'Öreglak'),
(2478, 'Somogyvár'),
(2479, 'Pamuk'),
(2480, 'Somogyvámos'),
(2481, 'Marcali'),
(2482, 'Csömend'),
(2483, 'Somogyszentpál'),
(2484, 'Nikla'),
(2485, 'Pusztakovácsi'),
(2486, 'Libickozma'),
(2487, 'Somogyfajsz'),
(2488, 'Balatonszentgyörgy'),
(2489, 'Vörs'),
(2490, 'Balatonújlak'),
(2491, 'Kéthely'),
(2492, 'Kelevíz'),
(2493, 'Gadány'),
(2494, 'Mesztegnyő'),
(2495, 'Hosszúvíz'),
(2496, 'Szenyér'),
(2497, 'Nemeskisfalud'),
(2498, 'Tapsony'),
(2499, 'Böhönye'),
(2500, 'Vése'),
(2501, 'Nemesdéd'),
(2502, 'Varászló'),
(2503, 'Inke'),
(2504, 'Iharosberény'),
(2505, 'Iharos'),
(2506, 'Somogycsicsó'),
(2507, 'Pogányszentpéter'),
(2508, 'Hollád'),
(2509, 'Tikos'),
(2510, 'Sávoly'),
(2511, 'Főnyed'),
(2512, 'Szegerdő'),
(2513, 'Somogysámson'),
(2514, 'Somogyzsitfa'),
(2515, 'Csákány'),
(2516, 'Szőkedencs'),
(2517, 'Somogysimonyi'),
(2518, 'Nemesvid'),
(2519, 'Nagyszakácsi'),
(2520, 'Zalaapáti'),
(2521, 'Bókaháza'),
(2522, 'Esztergályhorváti'),
(2523, 'Zalaszabar'),
(2524, 'Orosztony'),
(2525, 'Kerecseny'),
(2526, 'Nagyrada'),
(2527, 'Garabonc'),
(2528, 'Zalamerenye'),
(2529, 'Zalakaros'),
(2530, 'Zalakomár'),
(2531, 'Balatonmagyaród'),
(2532, 'Galambok'),
(2533, 'Nagyrécse'),
(2534, 'Csapi'),
(2535, 'Kisrécse'),
(2536, 'Zalasárszeg'),
(2537, 'Pacsa'),
(2538, 'Zalaigrice'),
(2539, 'Szentpéterúr'),
(2540, 'Gétye'),
(2541, 'Dióskál'),
(2542, 'Zalaszentmárton'),
(2543, 'Egeraracsa'),
(2544, 'Felsőrajk'),
(2545, 'Alsórajk'),
(2546, 'Pötréte'),
(2547, 'Hahót'),
(2548, 'Zalaszentbalázs'),
(2549, 'Börzönce'),
(2550, 'Pölöskefő'),
(2551, 'Kacorlak'),
(2552, 'Gelse'),
(2553, 'Gelsesziget'),
(2554, 'Kilimán'),
(2555, 'Magyarszerdahely'),
(2556, 'Bocska'),
(2557, 'Magyarszentmiklós'),
(2558, 'Hosszúvölgy'),
(2559, 'Fűzvölgy'),
(2560, 'Homokkomárom'),
(2561, 'Újudvar'),
(2562, 'Zalacsány'),
(2563, 'Ligetfalva'),
(2564, 'Tilaj'),
(2565, 'Kehidakustány'),
(2566, 'Zalaszentgrót'),
(2567, 'Kallósd'),
(2568, 'Zalaszentlászló'),
(2569, 'Sénye'),
(2570, 'Zalavég'),
(2571, 'Tekenye'),
(2572, 'Türje'),
(2573, 'Batyk'),
(2574, 'Zalabér'),
(2575, 'Pakod'),
(2576, 'Dötk'),
(2577, 'Nagykanizsa'),
(2578, 'Nagybakónak'),
(2579, 'Zalaújlak'),
(2580, 'Sand'),
(2581, 'Miháld'),
(2582, 'Pat'),
(2583, 'Zalaszentjakab'),
(2584, 'Liszó'),
(2585, 'Murakeresztúr'),
(2586, 'Fityeház'),
(2587, 'Csurgó'),
(2588, 'Csurgónagymarton'),
(2589, 'Szenta'),
(2590, 'Gyékényes'),
(2591, 'Zákány'),
(2592, 'Zákányfalu'),
(2593, 'Őrtilos'),
(2594, 'Belezna'),
(2595, 'Surd'),
(2596, 'Nemespátró'),
(2597, 'Porrog'),
(2598, 'Porrogszentkirály'),
(2599, 'Porrogszentpál'),
(2600, 'Somogybükkösd'),
(2601, 'Szepetnek'),
(2602, 'Semjénháza'),
(2603, 'Molnári'),
(2604, 'Tótszerdahely'),
(2605, 'Tótszentmárton'),
(2606, 'Becsehely'),
(2607, 'Petrivente'),
(2608, 'Letenye'),
(2609, 'Kistolmács'),
(2610, 'Murarátka'),
(2611, 'Zajk'),
(2612, 'Muraszemenye'),
(2613, 'Szentmargitfalva'),
(2614, 'Csörnyeföld'),
(2615, 'Dobri'),
(2616, 'Kerkaszentkirály'),
(2617, 'Tormafölde'),
(2618, 'Tornyiszentmiklós'),
(2619, 'Lovászi'),
(2620, 'Szécsisziget'),
(2621, 'Kerkateskánd'),
(2622, 'Sormás'),
(2623, 'Eszteregnye'),
(2624, 'Rigyác'),
(2625, 'Borsfa'),
(2626, 'Valkonya'),
(2627, 'Oltárc'),
(2628, 'Bázakerettye'),
(2629, 'Lasztonya'),
(2630, 'Lispeszentadorján'),
(2631, 'Kiscsehi'),
(2632, 'Maróc'),
(2633, 'Bánokszentgyörgy'),
(2634, 'Várfölde'),
(2635, 'Szentliszló'),
(2636, 'Bucsuta'),
(2637, 'Pusztamagyaród'),
(2638, 'Pusztaszentlászló'),
(2639, 'Söjtör'),
(2640, 'Zalaegerszeg'),
(2641, 'Nagykutas'),
(2642, 'Kiskutas'),
(2643, 'Kispáli'),
(2644, 'Nagypáli'),
(2645, 'Egervár'),
(2646, 'Gősfa'),
(2647, 'Lakhegy'),
(2648, 'Vasboldogasszony'),
(2649, 'Nemesrádó'),
(2650, 'Milejszeg'),
(2651, 'Csonkahegyhát'),
(2652, 'Németfalu'),
(2653, 'Kustánszeg'),
(2654, 'Zalaszentiván'),
(2655, 'Alibánfa'),
(2656, 'Pethőhenye'),
(2657, 'Zalaszentlőrinc'),
(2658, 'Nemesapáti'),
(2659, 'Alsónemesapáti'),
(2660, 'Búcsúszentlászló'),
(2661, 'Nemessándorháza'),
(2662, 'Nemesszentandrás'),
(2663, 'Kisbucsa'),
(2664, 'Nemeshetés'),
(2665, 'Pölöske'),
(2666, 'Kemendollár'),
(2667, 'Vöckönd'),
(2668, 'Pókaszepetk'),
(2669, 'Gyűrűs'),
(2670, 'Zalaistvánd'),
(2671, 'Bezeréd'),
(2672, 'Nagykapornak'),
(2673, 'Almásháza'),
(2674, 'Misefa'),
(2675, 'Orbányosfa'),
(2676, 'Padár'),
(2677, 'Zalaszentmihály'),
(2678, 'Bocfölde'),
(2679, 'Csatár'),
(2680, 'Sárhida'),
(2681, 'Bak'),
(2682, 'Tófej'),
(2683, 'Baktüttös'),
(2684, 'Pusztaederics'),
(2685, 'Zalatárnok'),
(2686, 'Szentkozmadombja'),
(2687, 'Nova'),
(2688, 'Barlahida'),
(2689, 'Mikekarácsonyfa'),
(2690, 'Gutorfölde'),
(2691, 'Csertalakos'),
(2692, 'Szentpéterfölde'),
(2693, 'Ortaháza'),
(2694, 'Páka'),
(2695, 'Kányavár'),
(2696, 'Pördefölde'),
(2697, 'Csömödér'),
(2698, 'Hernyék'),
(2699, 'Kissziget'),
(2700, 'Zebecke'),
(2701, 'Iklódbördőce'),
(2702, 'Lenti'),
(2703, 'Gosztola'),
(2704, 'Gáborjánháza'),
(2705, 'Bödeháza'),
(2706, 'Szijártóháza'),
(2707, 'Zalaszombatfa'),
(2708, 'Zalabaksa'),
(2709, 'Kerkabarabás'),
(2710, 'Csesztreg'),
(2711, 'Alsószenterzsébet'),
(2712, 'Felsőszenterzsébet'),
(2713, 'Kerkafalva'),
(2714, 'Kerkakutas'),
(2715, 'Magyarföld'),
(2716, 'Ramocsa'),
(2717, 'Szentgyörgyvölgy'),
(2718, 'Nemesnép'),
(2719, 'Márokföld'),
(2720, 'Resznek'),
(2721, 'Baglad'),
(2722, 'Lendvajakabfa'),
(2723, 'Rédics'),
(2724, 'Belsősárd'),
(2725, 'Külsősárd'),
(2726, 'Lendvadedes'),
(2727, 'Gellénháza'),
(2728, 'Lickóvadamos'),
(2729, 'Nagylengyel'),
(2730, 'Babosdöbréte'),
(2731, 'Ormándlak'),
(2732, 'Petrikeresztúr'),
(2733, 'Gombosszeg'),
(2734, 'Iborfia'),
(2735, 'Becsvölgye'),
(2736, 'Pórszombat'),
(2737, 'Pusztaapáti'),
(2738, 'Szilvágy'),
(2739, 'Kálócfa'),
(2740, 'Kozmadombja'),
(2741, 'Dobronhegy'),
(2742, 'Pálfiszeg'),
(2743, 'Teskánd'),
(2744, 'Böde'),
(2745, 'Hottó'),
(2746, 'Bagod'),
(2747, 'Boncodfölde'),
(2748, 'Hagyárosbörönd');
INSERT INTO `telepules` (`telepules_id`, `telepules`) VALUES
(2749, 'Zalaboldogfa'),
(2750, 'Zalaszentgyörgy'),
(2751, 'Kávás'),
(2752, 'Salomvár'),
(2753, 'Keménfa'),
(2754, 'Zalacséb'),
(2755, 'Zalaháshágy'),
(2756, 'Vaspör'),
(2757, 'Ozmánbük'),
(2758, 'Zalalövő'),
(2759, 'Csöde'),
(2760, 'Győr'),
(2761, 'Vámosszabadi'),
(2762, 'Kisbajcs'),
(2763, 'Vének'),
(2764, 'Nagybajcs'),
(2765, 'Gönyű'),
(2766, 'Nagyszentjános'),
(2767, 'Bőny'),
(2768, 'Rétalap'),
(2769, 'Győrújbarát'),
(2770, 'Nyúl'),
(2771, 'Écs'),
(2772, 'Győrság'),
(2773, 'Pázmándfalu'),
(2774, 'Töltéstava'),
(2775, 'Bakonypéterd'),
(2776, 'Lázi'),
(2777, 'Pannonhalma'),
(2778, 'Ravazd'),
(2779, 'Tarjánpuszta'),
(2780, 'Győrasszonyfa'),
(2781, 'Tápszentmiklós'),
(2782, 'Táp'),
(2783, 'Nyalka'),
(2784, 'Mezőörs'),
(2785, 'Pér'),
(2786, 'Tét'),
(2787, 'Tényő'),
(2788, 'Sokorópátka'),
(2789, 'Koroncó'),
(2790, 'Győrszemere'),
(2791, 'Felpéc'),
(2792, 'Kajárpéc'),
(2793, 'Gyömöre'),
(2794, 'Szerecseny'),
(2795, 'Gyarmat'),
(2796, 'Csikvánd'),
(2797, 'Mórichida'),
(2798, 'Árpás'),
(2799, 'Kisbabot'),
(2800, 'Rábaszentmiklós'),
(2801, 'Bodonhely'),
(2802, 'Rábaszentmihály'),
(2803, 'Rábacsécsény'),
(2804, 'Mérges'),
(2805, 'Ikrény'),
(2806, 'Rábapatona'),
(2807, 'Enese'),
(2808, 'Kóny'),
(2809, 'Bágyogszovát'),
(2810, 'Rábapordány'),
(2811, 'Dör'),
(2812, 'Abda'),
(2813, 'Börcs'),
(2814, 'Öttevény'),
(2815, 'Mosonszentmiklós'),
(2816, 'Lébény'),
(2817, 'Győrsövényház'),
(2818, 'Bezi'),
(2819, 'Fehértó'),
(2820, 'Markotabödöge'),
(2821, 'Rábcakapi'),
(2822, 'Cakóháza'),
(2823, 'Tárnokréti'),
(2824, 'Bősárkány'),
(2825, 'Jánossomorja'),
(2826, 'Acsalag'),
(2827, 'Csorna'),
(2828, 'Barbacs'),
(2829, 'Maglóca'),
(2830, 'Győrújfalu'),
(2831, 'Győrzámoly'),
(2832, 'Győrladamér'),
(2833, 'Dunaszeg'),
(2834, 'Dunaszentpál'),
(2835, 'Mecsér'),
(2836, 'Ásványráró'),
(2837, 'Hédervár'),
(2838, 'Kimle'),
(2839, 'Károlyháza'),
(2840, 'Kunsziget'),
(2841, 'Mosonmagyaróvár'),
(2842, 'Feketeerdő'),
(2843, 'Levél'),
(2844, 'Hegyeshalom'),
(2845, 'Bezenye'),
(2846, 'Rajka'),
(2847, 'Dunakiliti'),
(2848, 'Dunasziget'),
(2849, 'Halászi'),
(2850, 'Máriakálnok'),
(2851, 'Darnózseli'),
(2852, 'Lipót'),
(2853, 'Kisbodak'),
(2854, 'Püski'),
(2855, 'Dunaremete'),
(2856, 'Jánossomorja'),
(2857, 'Várbalog'),
(2858, 'Újrónafő'),
(2859, 'Mosonszolnok'),
(2860, 'Mosonudvar'),
(2861, 'Pásztori'),
(2862, 'Szilsárkány'),
(2863, 'Rábacsanak'),
(2864, 'Egyed'),
(2865, 'Sobor'),
(2866, 'Rábaszentandrás'),
(2867, 'Szany'),
(2868, 'Farád'),
(2869, 'Rábatamási'),
(2870, 'Jobaháza'),
(2871, 'Bogyoszló'),
(2872, 'Potyond'),
(2873, 'Sopronnémeti'),
(2874, 'Szil'),
(2875, 'Vág'),
(2876, 'Rábasebes'),
(2877, 'Kapuvár'),
(2878, 'Kisfalud'),
(2879, 'Mihályi'),
(2880, 'Beled'),
(2881, 'Edve'),
(2882, 'Vásárosfalu'),
(2883, 'Rábakecöl'),
(2884, 'Páli'),
(2885, 'Magyarkeresztúr'),
(2886, 'Vadosfa'),
(2887, 'Zsebeháza'),
(2888, 'Babót'),
(2889, 'Veszkény'),
(2890, 'Szárföld'),
(2891, 'Osli'),
(2892, 'Hövej'),
(2893, 'Himod'),
(2894, 'Gyóró'),
(2895, 'Cirák'),
(2896, 'Dénesfa'),
(2897, 'Vitnyéd'),
(2898, 'Csapod'),
(2899, 'Pusztacsalád'),
(2900, 'Iván'),
(2901, 'Répceszemere'),
(2902, 'Csáfordjánosfa'),
(2903, 'Csér'),
(2904, 'Sopron'),
(2905, 'Fertőrákos'),
(2906, 'Harka'),
(2907, 'Ágfalva'),
(2908, 'Fertőd'),
(2909, 'Sarród'),
(2910, 'Fertőszéplak'),
(2911, 'Hegykő'),
(2912, 'Agyagosszergény'),
(2913, 'Fertőendréd'),
(2914, 'Petőháza'),
(2915, 'Fertőszentmiklós'),
(2916, 'Röjtökmuzsaj'),
(2917, 'Ebergőc'),
(2918, 'Lövő'),
(2919, 'Völcsej'),
(2920, 'Sopronhorpács'),
(2921, 'Und'),
(2922, 'Nemeskér'),
(2923, 'Újkér'),
(2924, 'Egyházasfalu'),
(2925, 'Szakony'),
(2926, 'Gyalóka'),
(2927, 'Répcevis'),
(2928, 'Zsira'),
(2929, 'Pinnye'),
(2930, 'Nagylózs'),
(2931, 'Sopronkövesd'),
(2932, 'Pereszteg'),
(2933, 'Nagycenk'),
(2934, 'Hidegség'),
(2935, 'Fertőhomok'),
(2936, 'Fertőboz'),
(2937, 'Kópháza'),
(2938, 'Celldömölk'),
(2939, 'Kemenesmihályfa'),
(2940, 'Ostffyasszonyfa'),
(2941, 'Csönge'),
(2942, 'Kenyeri'),
(2943, 'Pápoc'),
(2944, 'Vönöck'),
(2945, 'Kemenessömjén'),
(2946, 'Kemenesszentmárton'),
(2947, 'Kemenesmagasi'),
(2948, 'Szergény'),
(2949, 'Mersevát'),
(2950, 'Külsővat'),
(2951, 'Nemesszalók'),
(2952, 'Marcalgergelyi'),
(2953, 'Vinár'),
(2954, 'Boba'),
(2955, 'Nemeskocs'),
(2956, 'Kemenespálfa'),
(2957, 'Jánosháza'),
(2958, 'Karakó'),
(2959, 'Nemeskeresztúr'),
(2960, 'Keléd'),
(2961, 'Mesteri'),
(2962, 'Vásárosmiske'),
(2963, 'Köcsk'),
(2964, 'Kemeneskápolna'),
(2965, 'Egyházashetye'),
(2966, 'Borgáta'),
(2967, 'Kissomlyó'),
(2968, 'Duka'),
(2969, 'Nagysimonyi'),
(2970, 'Tokorcs'),
(2971, 'Sárvár'),
(2972, 'Csénye'),
(2973, 'Bögöt'),
(2974, 'Porpác'),
(2975, 'Ölbő'),
(2976, 'Szeleste'),
(2977, 'Répceszentgyörgy'),
(2978, 'Chernelházadamonya'),
(2979, 'Bő'),
(2980, 'Gór'),
(2981, 'Hegyfalu'),
(2982, 'Sajtoskál'),
(2983, 'Simaság'),
(2984, 'Lócs'),
(2985, 'Iklanberény'),
(2986, 'Zsédeny'),
(2987, 'Pósfa'),
(2988, 'Rábapaty'),
(2989, 'Jákfa'),
(2990, 'Uraiújfalu'),
(2991, 'Nick'),
(2992, 'Répcelak'),
(2993, 'Csánig'),
(2994, 'Vasegerszeg'),
(2995, 'Tompaládony'),
(2996, 'Mesterháza'),
(2997, 'Nemesládony'),
(2998, 'Nagygeresd'),
(2999, 'Vámoscsalád'),
(3000, 'Sitke'),
(3001, 'Gérce'),
(3002, 'Káld'),
(3003, 'Vashosszúfalu'),
(3004, 'Bögöte'),
(3005, 'Hosszúpereszteg'),
(3006, 'Sótony'),
(3007, 'Nyőgér'),
(3008, 'Bejcgyertyános'),
(3009, 'Egervölgy'),
(3010, 'Szemenye'),
(3011, 'Szombathely'),
(3012, 'Gencsapáti'),
(3013, 'Perenye'),
(3014, 'Gyöngyösfalu'),
(3015, 'Lukácsháza'),
(3016, 'Kőszegszerdahely'),
(3017, 'Cák'),
(3018, 'Kőszegdoroszló'),
(3019, 'Velem'),
(3020, 'Bozsok'),
(3021, 'Kőszeg'),
(3022, 'Horvátzsidány'),
(3023, 'Kiszsidány'),
(3024, 'Ólmod'),
(3025, 'Peresznye'),
(3026, 'Csepreg'),
(3027, 'Tormásliget'),
(3028, 'Bük'),
(3029, 'Tömörd'),
(3030, 'Nemescsó'),
(3031, 'Kőszegpaty'),
(3032, 'Pusztacsó'),
(3033, 'Vassurány'),
(3034, 'Salköveskút'),
(3035, 'Söpte'),
(3036, 'Vasasszonyfa'),
(3037, 'Meszlen'),
(3038, 'Acsád'),
(3039, 'Vasszilvágy'),
(3040, 'Vát'),
(3041, 'Nemesbőd'),
(3042, 'Vép'),
(3043, 'Bozzai'),
(3044, 'Kenéz'),
(3045, 'Pecöl'),
(3046, 'Megyehíd'),
(3047, 'Ikervár'),
(3048, 'Meggyeskovácsi'),
(3049, 'Táplánszentkereszt'),
(3050, 'Tanakajd'),
(3051, 'Vasszécseny'),
(3052, 'Csempeszkopács'),
(3053, 'Rum'),
(3054, 'Rábatöttös'),
(3055, 'Zsennye'),
(3056, 'Balogunyom'),
(3057, 'Kisunyom'),
(3058, 'Sorokpolány'),
(3059, 'Sorkifalud'),
(3060, 'Gyanógeregye'),
(3061, 'Sorkikápolna'),
(3062, 'Nemeskolta'),
(3063, 'Püspökmolnári'),
(3064, 'Rábahídvég'),
(3065, 'Egyházashollós'),
(3066, 'Nemesrempehollós'),
(3067, 'Egyházasrádóc'),
(3068, 'Rádóckölked'),
(3069, 'Harasztifalu'),
(3070, 'Nagykölked'),
(3071, 'Sé'),
(3072, 'Torony'),
(3073, 'Dozmat'),
(3074, 'Bucsu'),
(3075, 'Narda'),
(3076, 'Felsőcsatár'),
(3077, 'Vaskeresztes'),
(3078, 'Pornóapáti'),
(3079, 'Horvátlövő'),
(3080, 'Nárai'),
(3081, 'Ják'),
(3082, 'Szentpéterfa'),
(3083, 'Vasvár'),
(3084, 'Andrásfa'),
(3085, 'Telekes'),
(3086, 'Gersekarát'),
(3087, 'Sárfimizdó'),
(3088, 'Halastó'),
(3089, 'Győrvár'),
(3090, 'Hegyhátszentpéter'),
(3091, 'Pácsony'),
(3092, 'Olaszfa'),
(3093, 'Oszkó'),
(3094, 'Petőmihályfa'),
(3095, 'Bérbaltavár'),
(3096, 'Nagytilaj'),
(3097, 'Csehi'),
(3098, 'Csehimindszent'),
(3099, 'Mikosszéplak'),
(3100, 'Csipkerek'),
(3101, 'Kám'),
(3102, 'Alsóújlak'),
(3103, 'Körmend'),
(3104, 'Magyarnádalja'),
(3105, 'Molnaszecsőd'),
(3106, 'Magyarszecsőd'),
(3107, 'Szarvaskend'),
(3108, 'Döröske'),
(3109, 'Nagymizdó'),
(3110, 'Döbörhegy'),
(3111, 'Nádasd'),
(3112, 'Hegyháthodász'),
(3113, 'Hegyhátsál'),
(3114, 'Katafa'),
(3115, 'Halogy'),
(3116, 'Daraboshegy'),
(3117, 'Felsőmarác'),
(3118, 'Csákánydoroszló'),
(3119, 'Vasalja'),
(3120, 'Pinkamindszent'),
(3121, 'Kemestaródfa'),
(3122, 'Ivánc'),
(3123, 'Hegyhátszentmárton'),
(3124, 'Viszák'),
(3125, 'Őrimagyarósd'),
(3126, 'Hegyhátszentjakab'),
(3127, 'Felsőjánosfa'),
(3128, 'Szaknyér'),
(3129, 'Szőce'),
(3130, 'Kisrákos'),
(3131, 'Pankasz'),
(3132, 'Nagyrákos'),
(3133, 'Szatta'),
(3134, 'Őriszentpéter'),
(3135, 'Ispánk'),
(3136, 'Szalafő'),
(3137, 'Kondorfa'),
(3138, 'Bajánsenye'),
(3139, 'Kerkáskápolna'),
(3140, 'Kercaszomor'),
(3141, 'Magyarszombatfa'),
(3142, 'Velemér'),
(3143, 'Rátót'),
(3144, 'Gasztony'),
(3145, 'Vasszentmihály'),
(3146, 'Nemesmedves'),
(3147, 'Rönök'),
(3148, 'Szentgotthárd'),
(3149, 'Rábagyarmat'),
(3150, 'Csörötnek'),
(3151, 'Magyarlak'),
(3152, 'Apátistvánfalva'),
(3153, 'Kétvölgy'),
(3154, 'Orfalu'),
(3155, 'Alsószölnök'),
(3156, 'Szakonyfalu'),
(3157, 'Felsőszölnök'),
(3158, 'Budapest 1.'),
(3159, 'Budapest 2.'),
(3160, 'Budapest 3.'),
(3161, 'Budapest 4.'),
(3162, 'Budapest 5.'),
(3163, 'Budapest 6.'),
(3164, 'Budapest 7.'),
(3165, 'Budapest 8.'),
(3166, 'Budapest 9.'),
(3167, 'Budapest 10.'),
(3168, 'Budapest 11.'),
(3169, 'Budapest 12.'),
(3170, 'Budapest 13.'),
(3171, 'Budapest 14.'),
(3172, 'Budapest 15.'),
(3173, 'Budapest 16.'),
(3174, 'Budapest 17.'),
(3175, 'Budapest 18.'),
(3176, 'Budapest 19.'),
(3177, 'Budapest 20.'),
(3178, 'Budapest 21.'),
(3179, 'Budapest 22.'),
(3180, 'Budapest 23.');

-- --------------------------------------------------------

--
-- Tábla szerkezet ehhez a táblához `user`
--

CREATE TABLE `user` (
  `user_id` int(11) NOT NULL,
  `nev` varchar(100) NOT NULL,
  `felhnev` varchar(100) NOT NULL,
  `szuldatum` date NOT NULL,
  `telszam` varchar(30) NOT NULL,
  `email` varchar(100) NOT NULL,
  `jelszo` varchar(100) NOT NULL,
  `profilkep` varchar(50) NOT NULL,
  `okmanykep` varchar(50) NOT NULL,
  `okmanyszam` varchar(100) NOT NULL COMMENT 'Feltöltött okmányon szereplő szám.',
  `hitelesites` enum('true','false') NOT NULL DEFAULT 'false' COMMENT 'Igazolványkép alapján történik a hitelesítés.',
  `pontszam` int(11) NOT NULL DEFAULT 0 COMMENT 'Minden teljesített önkéntes munkát követően pontnövelés.',
  `telepules_id` int(11) NOT NULL COMMENT 'Kapcsolat a település táblával. A user ennek segítségével választja ki a települést.',
  `cim` varchar(100) NOT NULL COMMENT 'Irszám + utca + házszám + emelet. A felhasználó regisztrációkor megadott címe, mely alapesetben automatikusan betöltődik hirdetésfeladáskor. Ez lesz a meghirdetett munka helyszíne alapesetben(opcionálisan felülírható hirdetés feladáskor).'
) ENGINE=InnoDB DEFAULT CHARSET=utf8mb4;

--
-- A tábla adatainak kiíratása `user`
--

INSERT INTO `user` (`user_id`, `nev`, `felhnev`, `szuldatum`, `telszam`, `email`, `jelszo`, `profilkep`, `okmanykep`, `okmanyszam`, `hitelesites`, `pontszam`, `telepules_id`, `cim`) VALUES
(1, 'Orsós Ibolya', 'orsosibolya', '1961-03-17', '06206758998', 'orsosibolya@gmail.com', '$2y$10$rgvzKeqXTKdiAYSg4Fs.JO7HswhuUGCKC9mKUfFROPKmIQbs51JbO', 'orsosibolya_profil_2022_09_08_22_18_20.jpg', 'orsosibolya_okmany_2022_09_08_22_18_20.jpg', '232378BU', 'true', 2, 42, '2091, Szőlő köz 13.'),
(2, 'Kovács Béla', 'kovacsbela', '1985-03-25', '06 20 345 6723', 'kovacsbela@gmail.com', '$2y$10$t5zVyp1pPbP/oAjujqCq5.Kxpf72ZEPhkj4y7/xKZL0oXE/SGnLmK', 'kovacsbela_profil_2022_09_08_22_20_55.jpg', 'kovacsbela_okmany_2022_09_08_22_20_55.jpg', '561234HE', 'true', 0, 494, '3300, Király utca 7. 1/A.'),
(3, 'Nagy István', 'nagyistvan', '1988-12-03', '06 30 678 1234', 'nagyistvan@gmail.com', '$2y$10$CVFiou3/I/F3zclYnxHqyuHDkXI0JFKBHJN4dFtnaAOIVwmv.SrRG', 'nagyistvan_profil_2022_09_08_22_24_49.jpg', 'nagyistvan_okmany_2022_09_08_22_24_49.jpg', '123478BK', 'true', 0, 16, '2038, Ház utca 6.'),
(4, 'Nagy-Horváth Elek', 'nagyhorvathelek', '1950-04-23', '+3652 320 567', 'nagyhorvathelek@gmail.com', '$2y$10$8pyvEi.Zhkgna1IKpxguLeZOU1CTs9B.V/KaiUFqxsZVe2YrCw2qS', 'nagyhorvathelek_profil_2022_09_08_22_27_15.jpg', 'nagyhorvathelek_okmany_2022_09_08_22_27_15.jpg', '436712TE', 'true', 0, 914, '4032, Virág út 7. 2/B.'),
(5, 'Dr. Pécsi Zsombor', 'drpecsizsombor', '1971-05-06', '06 30 567 1256', 'drpecsizsombor@gmail.com', '$2y$10$3oPSPsGyDMP/Go.unAfIxu4USEYC.8agvKzztBX24qhn7Uqkrsq7q', 'drpecsizsombor_profil_2022_09_08_22_29_19.jpg', 'drpecsizsombor_okmany_2022_09_08_22_29_19.jpg', '981276FE', 'true', 0, 1843, '7600, Víz körút 7.'),
(6, 'Szabó Botond', 'szabobotond', '1968-08-24', '06704521678', 'szabobotond@gmail.com', '$2y$10$qEbgrA40ouI.6gaMV53xcuOsISRjYC78cZZAx8HhTYOLY2IutnLA2', 'szabobotond_profil_2022_09_08_22_35_12.jpg', 'szabobotond_okmany_2022_09_08_22_35_12.jpg', '781123JZ', 'true', 0, 2187, '8200, Fűzfa utca 6.'),
(7, 'Kis János', 'kisjanos', '1955-02-09', '+3617894523', 'kisjanos@gmail.com', '$2y$10$cIg4rwHsTs1SwYc4ZcKpouTyperm2ITcStYc3i.wYvCMksQscLqaC', 'kisjanos_profil_2022_09_08_22_37_04.jpg', 'kisjanos_okmany_2022_09_08_22_37_04.jpg', '674523KL', 'true', 0, 3159, '1021, Erdő út 9. 5/A.'),
(8, 'Szőke Gábor', 'szokegabor', '1942-06-30', '06708916734', 'szokegabor@gmail.com', '$2y$10$M/YNjdrE6JYiSPua4XnHYOrGtzhsGLA455ljv04LdFzQmb12AP2sa', 'szokegabor_profil_2022_09_08_22_38_20.jpg', 'szokegabor_okmany_2022_09_08_22_38_20.jpg', '416298TG', 'true', 0, 2108, '8000, István tér 9.'),
(9, 'Takács József', 'takacsjozsef', '1943-09-13', '0630 367 12 89', 'takacsjozsef@gmail.com', '$2y$10$6S.GqvR93EG08MeBfC2wmuwsk6GlqFRAynnXrPicS7vZq5mPGoXpi', 'takacsjozsef_profil_2022_09_08_22_39_50.jpg', 'takacsjozsef_okmany_2022_09_08_22_39_50.jpg', '123489NU', 'true', 0, 2108, '8000, Rét út 234. 2/B.'),
(10, 'Ötvös Bence', 'otvosbence', '1961-07-20', '06 20 674 12 34', 'otvosbence@gmail.com', '$2y$10$RLKSIzwPSt9lbhs.A4tKgu4zxauwN2byhB.5H3sd55g3qTAE7a0Ju', 'otvosbence_profil_2022_09_08_22_41_20.jpg', 'otvosbence_okmany_2022_09_08_22_41_20.jpg', '783562VE', 'true', 0, 870, '3944, Lámpás utca 98.'),
(11, 'Dr. Novák Helga', 'drnovakhelga', '1980-11-23', '06306725645', 'drnovakhelga@gmail.com', '$2y$10$m5GqTE1Jm7hbfvOG/JGvV.OgTj9K94i/BbVBCALPGPfWL9.i8mALa', 'drnovakhelga_profil_2022_09_08_22_45_09.jpg', 'drnovakhelga_okmany_2022_09_08_22_45_09.jpg', '762398SP', 'true', 0, 3160, '1031 Buda utca 5. 3. em/7.'),
(12, 'Ács Erika', 'acserika', '1978-12-14', '06 20 664 1249', 'acserika@gmail.com', '$2y$10$LHtymgEF3bgNUIA4DRTXQeOd6QBdMzOsDbfUxuMf4hJWwTfeic1US', 'acserika_profil_2022_09_08_22_46_33.jpg', 'acserika_okmany_2022_09_08_22_46_33.jpg', '125634HU', 'true', 0, 1, '2000, Lapos utca 9.'),
(13, 'Pesti Boglárka', 'pestiboglarka', '1981-07-01', '06 30 7891 123', 'pestiboglarka@gmail.com', '$2y$10$A7fs/wrg1zmDfbPeJNth2e5VTAAz8JJKHiQKC3hseg6.j6y/sNFeG', 'pestiboglarka_profil_2022_09_08_22_48_04.jpg', 'pestiboglarka_okmany_2022_09_08_22_48_04.jpg', '148956ER', 'true', 0, 61, '2131, Patak tér 2. 4/12.'),
(14, 'Tóth Réka', 'tothreka', '1998-05-31', '06702367128', 'tothreka@gmail.com', '$2y$10$ut7ORw8vQuSYMMcZYhQROuwOTrxum4/czs38n/XqMQ47L16mqh1E.', 'tothreka_profil_2022_09_08_22_49_31.jpg', 'tothreka_okmany_2022_09_08_22_49_31.jpg', '998865GJ', 'true', 0, 138, '2360, Móricz Zs. Utca 8. 5/C.'),
(15, 'Hegedűs Éva', 'hegeduseva', '1980-08-29', '06301212899', 'hegeduseva@gmail.com', '$2y$10$hcTLsS63LfSCmaN2O9gTGOCRvo9r9BSDqI6AOCD0EaAPzbdvafNRS', 'hegeduseva_profil_2022_09_08_22_51_09.jpg', 'hegeduseva_okmany_2022_09_08_22_51_09.jpg', '889812UZ', 'true', 0, 42, '2091, Illés utca 123.'),
(16, 'Pataki Mária', 'patakimaria', '1949-01-11', '06701256789', 'patakimaria@gmail.com', '$2y$10$2wHDFa.c/gBf5sKHMWmKM.Tbbj9rnPJP2RvyNKAwDQ3HCMEOud/ai', 'patakimaria_profil_2022_09_08_22_52_48.jpg', 'patakimaria_okmany_2022_09_08_22_52_48.jpg', '167534NI', 'true', 0, 3171, '1148, Álmos utca 45. 6/50.'),
(17, 'Pásztor Eszter', 'pasztoreszter', '1967-08-12', '06201212789', 'pasztoreszter@gmail.com', '$2y$10$Y8HlR/kkElunimLuZa9ghuPeebWgGiWWgV2riSupF5mPhgEn3bEYm', 'pasztoreszter_profil_2022_09_08_22_54_42.jpg', 'pasztoreszter_okmany_2022_09_08_22_54_42.jpg', '278456RE', 'true', 0, 3103, '9900, Gyömrői út 43.'),
(18, 'Márton Katalin', 'martonkatalin', '1942-06-10', '06301234987', 'martonkatalin@gmail.com', '$2y$10$JXr1hHP7f05HOISaxShA9utO5C9GeYWi9tnEWybdhLreafSPEOv1a', 'martonkatalin_profil_2022_09_08_22_56_08.jpg', 'martonkatalin_okmany_2022_09_08_22_56_08.jpg', '763425HP', 'true', 0, 1307, '5516, Üllői út 2. 3/7.');

--
-- Indexek a kiírt táblákhoz
--

--
-- A tábla indexei `hirdetes`
--
ALTER TABLE `hirdetes`
  ADD PRIMARY KEY (`hirdetes_id`),
  ADD KEY `user_id` (`hirdeto_id`),
  ADD KEY `kategoria_id` (`kategoria_id`),
  ADD KEY `telepules_id` (`telepules_id`);

--
-- A tábla indexei `jelentkezes`
--
ALTER TABLE `jelentkezes`
  ADD PRIMARY KEY (`jelentkezes_id`),
  ADD UNIQUE KEY `hirdetes_id` (`hirdetes_id`) USING BTREE,
  ADD KEY `jelentkezo_id` (`jelentkezo_id`) USING BTREE;

--
-- A tábla indexei `kategoria`
--
ALTER TABLE `kategoria`
  ADD PRIMARY KEY (`kategoria_id`);

--
-- A tábla indexei `telepules`
--
ALTER TABLE `telepules`
  ADD PRIMARY KEY (`telepules_id`);

--
-- A tábla indexei `user`
--
ALTER TABLE `user`
  ADD PRIMARY KEY (`user_id`),
  ADD UNIQUE KEY `felhnev` (`felhnev`),
  ADD KEY `telepules_id` (`telepules_id`);

--
-- A kiírt táblák AUTO_INCREMENT értéke
--

--
-- AUTO_INCREMENT a táblához `hirdetes`
--
ALTER TABLE `hirdetes`
  MODIFY `hirdetes_id` int(11) NOT NULL AUTO_INCREMENT COMMENT 'A feladott hirdetés azonosítója.', AUTO_INCREMENT=18;

--
-- AUTO_INCREMENT a táblához `jelentkezes`
--
ALTER TABLE `jelentkezes`
  MODIFY `jelentkezes_id` int(11) NOT NULL AUTO_INCREMENT COMMENT 'Az adott hirdetésre jelentkezés sorszáma. (1 hirdetésre egyszerre 1 user jelentkezhet)', AUTO_INCREMENT=12;

--
-- AUTO_INCREMENT a táblához `telepules`
--
ALTER TABLE `telepules`
  MODIFY `telepules_id` int(11) NOT NULL AUTO_INCREMENT, AUTO_INCREMENT=3181;

--
-- AUTO_INCREMENT a táblához `user`
--
ALTER TABLE `user`
  MODIFY `user_id` int(11) NOT NULL AUTO_INCREMENT, AUTO_INCREMENT=19;

--
-- Megkötések a kiírt táblákhoz
--

--
-- Megkötések a táblához `hirdetes`
--
ALTER TABLE `hirdetes`
  ADD CONSTRAINT `hirdetes_ibfk_1` FOREIGN KEY (`hirdeto_id`) REFERENCES `user` (`user_id`) ON DELETE CASCADE,
  ADD CONSTRAINT `hirdetes_ibfk_2` FOREIGN KEY (`kategoria_id`) REFERENCES `kategoria` (`kategoria_id`),
  ADD CONSTRAINT `hirdetes_ibfk_3` FOREIGN KEY (`telepules_id`) REFERENCES `telepules` (`telepules_id`);

--
-- Megkötések a táblához `jelentkezes`
--
ALTER TABLE `jelentkezes`
  ADD CONSTRAINT `jelentkezes_ibfk_1` FOREIGN KEY (`hirdetes_id`) REFERENCES `hirdetes` (`hirdetes_id`) ON DELETE CASCADE,
  ADD CONSTRAINT `jelentkezes_ibfk_2` FOREIGN KEY (`jelentkezo_id`) REFERENCES `user` (`user_id`) ON DELETE CASCADE;

--
-- Megkötések a táblához `user`
--
ALTER TABLE `user`
  ADD CONSTRAINT `user_ibfk_1` FOREIGN KEY (`telepules_id`) REFERENCES `telepules` (`telepules_id`) ON DELETE CASCADE;
COMMIT;

/*!40101 SET CHARACTER_SET_CLIENT=@OLD_CHARACTER_SET_CLIENT */;
/*!40101 SET CHARACTER_SET_RESULTS=@OLD_CHARACTER_SET_RESULTS */;
/*!40101 SET COLLATION_CONNECTION=@OLD_COLLATION_CONNECTION */;
